siren,nom_entreprise,chiffre_affaires,resultat,annee_finances,entreprise_cessee,classification,matched_google_lavoir,classification_v2
793165234,LAVE MONT LAVERIES MONTMARTRE,387472,20598.0,2024,0,LS_PURE,True,LS_PURE
832046585,BEAUSOLEIL PRESSING,54960,25705.0,2020,0,PRESSING,True,PRESSING
324275429,SEKENET LEVALLOIS,150411,386.0,2024,0,PRESSING,False,PRESSING
818863821,JINFA,126184,-27816.0,2018,0,AMBIGU,False,AMBIGU
478663180,AU FIL DE L'EAU,44313,-35595.0,2016,0,AMBIGU,False,AMBIGU
949813356,LAVNET PLUS,51986,4437.0,2025,0,LS_MIXTE,False,LS_MIXTE
535406375,SAVOIR FER,128431,-1226.0,2021,0,AMBIGU,False,AMBIGU
512085770,MONDIAL PRESSING,75503,9044.0,2025,0,PRESSING,False,PRESSING
444720593,FINANCIERE MENILMONTANT,101817,-4544.0,2020,0,AMBIGU,True,LS_PROBABLE
403727332,SOCIETE DE NETTOYAGE ET DE TEINTURERIE-SYLCLAU,279560,-14016.0,2018,0,PRESSING,False,PRESSING
381354810,STARWASH,450044,155934.0,2024,0,LS_PURE,True,LS_PURE
510257207,OUSMER SARL,24233,-4868.0,2024,0,AMBIGU,False,AMBIGU
824039531,PYRENEES PRESSING,177770,31827.0,2024,0,PRESSING,False,PRESSING
413153859,LAVERIE MAISONS ALFORT,108452,25176.0,2024,0,LS_PURE,True,LS_PURE
753106160,MANU,35044,-4190.0,2022,0,AMBIGU,False,AMBIGU
814397899,RAIMELA,73364,3409.0,2017,0,AMBIGU,False,AMBIGU
512300104,UNI-PRESS SERVICE,173658,29964.0,2024,0,PRESSING,False,PRESSING
524674017,LE PRESSINGS ECO-RESPONSABLE DE TOURAINE,467302,17728.0,2018,0,PRESSING,False,PRESSING
809904071,LIN YUN,35501,-1283.0,2019,0,AMBIGU,False,AMBIGU
793940222,CAROCAT,128065,21753.0,2024,0,AMBIGU,False,AMBIGU
984356360,PRESSING LEDRAA,44435,-7412.0,2024,0,PRESSING,False,PRESSING
919151597,ATELIER DE LA CHEMISE,21434,-2433.0,2024,0,AMBIGU,False,AMBIGU
752899385,LE MAROIS PEPINIERE,120928,20903.0,2016,0,AMBIGU,False,AMBIGU
330026212,PRESSING DU 7EME,223085,1771.0,2016,0,PRESSING,False,PRESSING
503860215,PRESSING DU PARC,147035,2183.0,2024,0,PRESSING,False,PRESSING
421348426,NINIVE,131993,-51667.0,2022,0,AMBIGU,False,AMBIGU
531939841,SARL PRESSING DE L'OISE,173835,-15864.0,2016,0,PRESSING,False,PRESSING
818922304,LAMRANI SAS,57008,8232.0,2025,0,AMBIGU,False,AMBIGU
882091705,QUALITY CLEAN PRESSING,75728,1168.0,2024,0,PRESSING,False,PRESSING
903047975,SARL FASO,7460,2175.0,2023,0,AMBIGU,True,LS_PROBABLE
500676838,SAIM PRESSING,42197,50.0,2020,0,PRESSING,False,PRESSING
887760155,JONONI,88245,3365.0,2022,0,AMBIGU,False,AMBIGU
391394707,VOLTAIRE LAVERIE,36119,-3438.0,2024,0,LS_PURE,True,LS_PURE
399890599,STERLING PRESSING,99214,15310.0,2024,0,PRESSING,False,PRESSING
752900118,D P C,166671,,2014,0,AMBIGU,False,AMBIGU
801711169,ARC EN CIEL,116687,13484.0,2024,0,AMBIGU,False,AMBIGU
381405661,PRESSING SAINT LAZARE,78275,25639.0,2021,0,PRESSING,False,PRESSING
423756543,ROYAL PRESSING,184673,59499.0,2021,0,PRESSING,False,PRESSING
327058855,PRESSING QUATRE VINGT ONZE,352117,45897.0,2022,0,PRESSING,True,PRESSING
404574048,NEW'CLEAN,26741,156.0,2023,0,AMBIGU,False,AMBIGU
810990499,NEUILLY PRESSING SERVICES,154319,1723.0,2024,0,PRESSING,False,PRESSING
952194058,RD5 SASU R.D.5,365447,56536.0,2024,0,AMBIGU,False,AMBIGU
492523659,LA MARGUERITE D'ALFORTVILLE,34983,-3142.0,2021,0,AMBIGU,False,AMBIGU
853652535,ZBH EURL,19780,588.0,2024,0,AMBIGU,False,AMBIGU
440833473,PRESSING CHAMPERRET,114356,-10361.0,2024,0,PRESSING,False,PRESSING
752490458,TIMILT,19733,-7411.0,2021,0,AMBIGU,False,AMBIGU
622044170,LE NETTOYAGE AUTOMATIQUE,230121,3352.0,2016,0,PRESSING,False,PRESSING
954046835,FIRELAV,213225,20724.0,2024,0,AMBIGU,True,LS_PROBABLE
828374280,SPRING XIA,51434,3299.0,2024,0,AMBIGU,False,AMBIGU
850855065,LAVERIE N12,19987,-5406.0,2021,0,LS_PURE,True,LS_PURE
408877694,PRESSING DES COQUETTES,81397,-1686.0,2024,0,PRESSING,False,PRESSING
433681772,SORANA,35786,914.0,2016,0,AMBIGU,False,AMBIGU
512375197,DRY CLEANER GROUP,131768,33369.0,2024,0,PRESSING,False,PRESSING
519882377,LAVERIE FJL,26712,-171.0,2019,0,LS_PURE,True,LS_PURE
790247365,CENNET,108217,1157.0,2020,0,AMBIGU,False,AMBIGU
824575435,UNIVERSAL PRESSING,157577,35375.0,2024,0,PRESSING,False,PRESSING
750452781,EVENTS 26,109556,-9072.0,2018,0,AMBIGU,False,AMBIGU
512821398,SALMA,19071,-3371.0,2020,0,AMBIGU,False,AMBIGU
883135089,CONCEPT LAV'ECO,32100,1439.0,2022,0,LS_PURE,True,LS_PURE
841934227,AU PRESSING JIN,83003,-2163.0,2024,0,PRESSING,True,PRESSING
448486472,ALPAGA,388168,-20442.0,2017,0,AMBIGU,False,AMBIGU
513851121,CL PRESS,140784,7257.0,2019,0,PRESSING,False,PRESSING
531057867,YS LAVERIE,19443,3660.0,2020,0,LS_PURE,True,LS_PURE
323592782,PROMO PRESSING,185346,361.0,2016,0,PRESSING,False,PRESSING
530772086,LES LAVERIES DE PARIS,38863,14309.0,2015,0,LS_PURE,True,LS_PURE
824813992,PRESSING LABORDE,73607,9020.0,2017,0,PRESSING,False,PRESSING
801287913,PRESSING DES CHAMPS PHILIPPE,47957,6829.0,2017,0,PRESSING,False,PRESSING
507831709,ELECTR'EAU LAV,144588,-513.0,2018,0,AMBIGU,True,LS_PROBABLE
810788885,PARIS PRESS ECO RESPONSABLE,313293,-39565.0,2024,0,PRESSING,False,PRESSING
809487739,AU FIL DE L'EAU,18868,-2400.0,2025,0,AMBIGU,True,LS_PROBABLE
482706850,SOPRE LAURE,251898,10634.0,2022,0,AMBIGU,False,AMBIGU
483359030,LE FER A LA MAIN,8433,-4413.0,2023,0,AMBIGU,True,LS_PROBABLE
519399653,COLPORTEUR BOUTIQUE,242069,-101802.0,2016,0,AMBIGU,False,AMBIGU
343569125,BRIGHT,112962,-8728.0,2021,0,AMBIGU,False,AMBIGU
852299148,CLEMMA,106190,13297.0,2023,0,AMBIGU,False,AMBIGU
411496631,PRESTO SERVICE,198739,-76020.0,2020,0,AMBIGU,False,AMBIGU
414759100,CLISSON LAVA,127279,9154.0,2021,0,AMBIGU,True,LS_PROBABLE
377823844,NMJP,332545,153437.0,2024,0,AMBIGU,True,LS_PROBABLE
901718148,LAVOMATTIC,28523,5259.0,2024,0,AMBIGU,False,AMBIGU
572223881,SOC INDUST BLANCHISS TEINTUR 0,286265,838.0,2024,0,PRESSING,False,PRESSING
325844686,T PRESS,109019,-1072.0,2018,0,PRESSING,False,PRESSING
444640288,NEW PRESSING,81265,-2140.0,2023,0,PRESSING,False,PRESSING
953781374,PRESSING HMC,348212,662.0,2024,0,PRESSING,False,PRESSING
830542106,PARIS PRESSING 11,39441,385.0,2022,0,PRESSING,False,PRESSING
803129246,SILVA,166703,3061.0,2017,0,AMBIGU,False,AMBIGU
851425827,G M LAVERIE,64674,3069.0,2023,0,LS_PURE,False,LS_PURE
813757887,LAETITIA PRESSING,146047,-4432.0,2023,0,PRESSING,False,PRESSING
753854249,VOTRE VOISIN,33787,-6227.0,2021,0,AMBIGU,False,AMBIGU
485325823,PRESSING SAINT LOUIS,113805,36255.0,2023,0,PRESSING,False,PRESSING
790116032,LAVERIE MJ,72875,2496.0,2017,0,LS_PURE,True,LS_PURE
504807124,HAS,231584,-25.0,2024,0,AMBIGU,False,AMBIGU
881351779,AC AQUA CLEAN,7532,-118226.0,2024,0,AMBIGU,False,AMBIGU
801528225,QUATORZE40,485932,78723.0,2023,0,AMBIGU,False,AMBIGU
803883990,HBJJ,56611,8056.0,2021,0,AMBIGU,True,LS_PROBABLE
830390019,ENSEL,175099,6187.0,2024,0,AMBIGU,False,AMBIGU
308240308,PRIBA SARL,97282,4775.0,2022,0,AMBIGU,True,LS_PROBABLE
533164844,N & A,29134,-3226.0,2022,0,AMBIGU,False,AMBIGU
452545734,CLEAN PRESSING,85719,14451.0,2024,0,PRESSING,False,PRESSING
841180698,JSM PRESS,53138,1645.0,2018,0,PRESSING,False,PRESSING
538678871,SARL NATHAN,113651,553.0,2023,0,AMBIGU,False,AMBIGU
809129620,W&P,76203,-6068.0,2020,0,AMBIGU,False,AMBIGU
834043069,SPONTINI SERVICES,110846,5974.0,2021,0,AMBIGU,False,AMBIGU
532222262,DDH,144204,40925.0,2019,0,AMBIGU,False,AMBIGU
483707246,PRESSING LE ROCHECHOUART,141749,-7709.0,2022,0,PRESSING,False,PRESSING
572203628,SAPAM APPLICATION PROCEDE AUTOMATIQ,100748,7429.0,2024,0,AMBIGU,False,AMBIGU
529440372,LAVOTRONIC,84578,4358.0,2016,0,AMBIGU,True,LS_PROBABLE
820753721,XING LONG PRESSING,104059,5152.0,2019,0,PRESSING,False,PRESSING
479203820,SOCIETE ANNA,74892,13702.0,2022,0,AMBIGU,False,AMBIGU
841717416,SS SWHAT SERVICE,2070,31489.0,2023,0,AMBIGU,True,LS_PROBABLE
824268841,THOLEA,160262,17923.0,2024,0,AMBIGU,False,AMBIGU
404167439,MONISOK,32511,3341.0,2021,0,AMBIGU,False,AMBIGU
383474947,DELROCHE,93282,6137.0,2015,0,AMBIGU,True,LS_PROBABLE
844765032,BUBBLE WASH,34096,20723.0,2022,0,LS_PURE,False,LS_PURE
424005866,MAKHA,64860,-5610.0,2021,0,AMBIGU,False,AMBIGU
572031417,DETACHENET,25733,8061.0,2019,0,AMBIGU,False,AMBIGU
533524641,LE MIMOSA,79304,3623.0,2024,0,AMBIGU,False,AMBIGU
410726376,LA LAVERIE DA LA BOURSE,23096,-3569.0,2023,0,LS_PURE,False,LS_PURE
539575258,BLANCHINET,9000,4239.0,2022,0,AMBIGU,False,AMBIGU
352020838,LAVERIE TELEGRAPHE,69245,-5176.0,2021,0,LS_PURE,True,LS_PURE
498053560,KEN,158964,35161.0,2021,0,AMBIGU,False,AMBIGU
513281386,NET EKOLLO SERVICES SARL,151980,-5950.0,2024,0,PRESSING,False,PRESSING
751154196,N.V.P,65206,-2553.0,2017,0,AMBIGU,False,AMBIGU
913036976,LAVE'UB,74179,-66811.0,2023,0,AMBIGU,True,LS_PROBABLE
810113936,CIEL PRESSING,191345,47893.0,2024,0,PRESSING,False,PRESSING
798937512,L'O CLAIRE,73274,6431.0,2019,0,AMBIGU,False,AMBIGU
408270320,LAVERIE D'AUTEUIL,81527,10790.0,2025,0,LS_PURE,True,LS_PURE
820375517,RAHMA PRESSING,55588,5696.0,2024,0,PRESSING,False,PRESSING
352256374,CTI FLASH LIGHT,178590,14451.0,2022,0,AMBIGU,False,AMBIGU
418915872,SARL CMP,28140,837.0,2022,0,AMBIGU,True,LS_PROBABLE
450222450,AJBM ALAZARD,240832,10676.0,2019,0,AMBIGU,False,AMBIGU
784611915,LE LIBRE SERVICE SOFIA,153537,7048.0,2022,0,LS_PURE,True,LS_PURE
830417309,A R RETOUCHERIE ET PRESSING,43059,-1269.0,2021,0,PRESSING,False,PRESSING
883164576,SDK PRESSING,77585,-2979.0,2024,0,PRESSING,False,PRESSING
403674666,K 2 M,32929,-1135.0,2020,0,AMBIGU,False,AMBIGU
793855388,BLACK WHITE,30245,843.0,2017,0,AMBIGU,False,AMBIGU
789142874,SEKMET,44101,347.0,2024,0,AMBIGU,True,LS_PROBABLE
662026368,SOC LIBRE SERVICE RELAX 76,85389,1116.0,2016,0,LS_PURE,False,LS_PURE
523647410,SARL NAFICA,44985,3933.0,2021,0,AMBIGU,True,LS_PROBABLE
411178072,R M LAVAGE,121939,2749.0,2017,0,LS_PURE,True,LS_PURE
512993783,LAVERIE DE L'ILE,27487,-825.0,2016,0,LS_PURE,False,LS_PURE
881012264,CLICHY PRESSING,80446,7347.0,2024,0,PRESSING,False,PRESSING
795340884,CHAHOUD PRESSING,84395,675.0,2022,0,PRESSING,False,PRESSING
481069672,AYER,70198,3368.0,2023,0,AMBIGU,False,AMBIGU
384683256,SARL BICHAT,19201,3761.0,2019,0,AMBIGU,False,AMBIGU
504568346,LOCLA,79316,4629.0,2015,0,AMBIGU,True,LS_PROBABLE
323903930,SELNAS,378034,105469.0,2024,0,AMBIGU,True,LS_PROBABLE
497727255,LYSMUS,107203,3618.0,2018,0,AMBIGU,False,AMBIGU
523608271,SARL NATALIA,54323,-1490.0,2024,0,AMBIGU,False,AMBIGU
521028647,PRESSING F.S,49628,5131.0,2022,0,PRESSING,False,PRESSING
530299486,PRESSING 115,146931,11726.0,2023,0,PRESSING,False,PRESSING
341279065,HA LAVAGE,100070,16290.0,2024,0,LS_PURE,True,LS_PURE
847839867,MONA PRESSING,40637,3378.0,2024,0,PRESSING,False,PRESSING
417896404,PB INVEST,260931,18197.0,2024,0,AMBIGU,False,AMBIGU
329416234,MULTISER LAFENESTRE,49877,4452.0,2015,0,AMBIGU,False,AMBIGU
749886271,Z & N PRESSING,153437,16394.0,2017,0,PRESSING,False,PRESSING
394896906,LAVERIE PRESSING DU 18 JUIN,53638,-2445.0,2022,0,LS_MIXTE,False,LS_MIXTE
428687941,CL LAVERIE LIBRE SERVICE,49473,13556.0,2024,0,LS_PURE,False,LS_PURE
898532429,PRESSING TAMAN,230062,11506.0,2024,0,PRESSING,False,PRESSING
815347307,GW2,148040,5464.0,2019,0,AMBIGU,False,AMBIGU
442069720,MAUBEUGE PRESS,200098,48822.0,2023,0,PRESSING,False,PRESSING
530327063,VDLJ,75687,3018.0,2023,0,AMBIGU,True,LS_PROBABLE
789507431,E.U.R.L PRESSING DE NATALYA,44728,-14809.0,2018,0,PRESSING,False,PRESSING
514335546,SARL B.S,39242,-2097.0,2023,0,AMBIGU,True,LS_PROBABLE
523556587,GREENPRESS,429353,-17262.0,2019,0,PRESSING,True,PRESSING
851691782,ANAIS PRESSING SERVICES,50266,-10165.0,2019,0,PRESSING,False,PRESSING
404860900,S M N,54709,-2032.0,2020,0,AMBIGU,False,AMBIGU
534290952,SALIBA,259541,176499.0,2022,0,AMBIGU,False,AMBIGU
391591914,NAKI NET,197690,4461.0,2015,0,AMBIGU,True,LS_PROBABLE
422883389,LAVERIE ORNANO,33130,1100.0,2017,0,LS_PURE,True,LS_PURE
844394213,TEINTURERIE STRADEL'S,415655,34786.0,2023,0,PRESSING,False,PRESSING
801819657,WASH HOUDRY,37713,223.0,2019,0,LS_PURE,False,LS_PURE
539970574,FAMILY PRESSING,313708,59256.0,2021,0,PRESSING,False,PRESSING
819289539,AC CLEAN,151745,27071.0,2024,0,AMBIGU,False,AMBIGU
532491602,OZVERI,17735,11296.0,2021,0,AMBIGU,False,AMBIGU
503246738,SUPERCLEAN,143618,-3044.0,2024,0,AMBIGU,False,AMBIGU
792378572,JLS CONCEPT,185009,33301.0,2022,0,AMBIGU,True,LS_PROBABLE
572150159,SOCIETE AMSEC,278351,6516.0,2024,0,AMBIGU,False,AMBIGU
414353235,SLAV SOCIETE LAVERIES AUTOMAT VERSAILLAISES,322721,-13197.0,2024,0,LS_PURE,True,LS_PURE
439946039,SARL AVYAS,52940,463.0,2024,0,AMBIGU,False,AMBIGU
353562838,JCPF,47211,9122.0,2024,0,AMBIGU,True,LS_PROBABLE
844586909,LAV MJL,96892,31263.0,2024,0,LS_PURE,True,LS_PURE
511377509,EMILIE PRESSING CLEAN,63808,-3872.0,2024,0,PRESSING,False,PRESSING
833733538,RELAIS DE MARNE ET SEINE,264787,7381.0,2024,0,AMBIGU,True,LS_PROBABLE
792403438,T.J.S,87980,7720.0,2021,0,AMBIGU,True,LS_PROBABLE
488868100,MODERN PRESSING,57068,6253.0,2024,0,PRESSING,False,PRESSING
520691825,PERSHING SERVICES,121261,20427.0,2016,0,AMBIGU,False,AMBIGU
830797189,CLEAN CORNER,169519,26300.0,2023,0,AMBIGU,False,AMBIGU
831080429,AU PETIT LAVOIR,175099,-2682.0,2022,0,LS_PURE,False,LS_PURE
321776585,DICKY,64611,15001.0,2017,0,AMBIGU,False,AMBIGU
853005601,MT PRESSING,20328,-89.0,2020,0,PRESSING,False,PRESSING
353735343,LAV'STORY,208501,14283.0,2018,0,LS_PURE,True,LS_PURE
522964287,STEPHEN PRESSING,116511,-18505.0,2024,0,PRESSING,False,PRESSING
348959552,IMOBEL,295006,11716.0,2024,0,AMBIGU,False,AMBIGU
812177053,SOCIETE MEILIN,26850,6109.0,2024,0,AMBIGU,False,AMBIGU
810503789,HAIDER ET PETIT FILS,184279,3510.0,2023,0,AMBIGU,False,AMBIGU
798191847,SM LAVAGE,81238,-16894.0,2024,0,LS_PURE,True,LS_PURE
510445448,NORAYOUSSEF,67816,-3377.0,2022,0,AMBIGU,False,AMBIGU
521306118,SEKENET PLACE DE CLICHY,273687,22107.0,2022,0,PRESSING,False,PRESSING
308396100,POUYANNE LE MEDECIN DE LA ROBE,413075,48291.0,2019,0,AMBIGU,False,AMBIGU
887716553,ABDEYOU,12276,-7489.0,2020,0,AMBIGU,False,AMBIGU
419705900,B M SERVICES,244577,3806.0,2021,0,AMBIGU,True,LS_PROBABLE
448419887,PRESSING LE LUXEMBOURG,161271,6505.0,2018,0,PRESSING,False,PRESSING
452394661,LA MAIN D OR,46998,-22502.0,2019,0,AMBIGU,False,AMBIGU
838759389,CSR,46241,9417.0,2024,0,AMBIGU,True,LS_PROBABLE
835263112,LAVERIE O'CLEAN,16658,133.0,2022,0,LS_PURE,False,LS_PURE
438659070,CHRONO CLEAN,224573,546.0,2024,0,AMBIGU,False,AMBIGU
810592147,GAMED PRESSING OSNY,182263,7406.0,2017,0,PRESSING,False,PRESSING
792872160,SAS V&T PRESSING,175479,30453.0,2024,0,PRESSING,False,PRESSING
495381550,BARBES-SEC,23875,747.0,2020,0,AMBIGU,False,AMBIGU
811100668,PRESSING H,190669,30181.0,2024,0,PRESSING,False,PRESSING
408418093,POINT LAVERIE SERVICE,34017,-7907.0,2024,0,LS_PURE,True,LS_PURE
383613072,A.L.P.A,33002,-340.0,2023,0,AMBIGU,True,LS_PROBABLE
839264587,G.F.J. CLEAN,67254,26326.0,2020,0,AMBIGU,True,LS_PROBABLE
528945595,PRESSING SAINT CHARLES,84259,26.0,2024,0,PRESSING,False,PRESSING
431712942,CALYPSO PRESSING,126501,-24249.0,2016,0,PRESSING,False,PRESSING
820378107,LES NOUVEAUX PRESSINGS INDUSTRIELS,150927,-55190.0,2018,0,PRESSING,False,PRESSING
878922863,JEPARIS,14436,-6233.0,2020,0,AMBIGU,False,AMBIGU
509859914,SARL BLS,467637,18445.0,2021,0,AMBIGU,True,LS_PROBABLE
300985397,SOLAPRES,43370,1605.0,2019,0,AMBIGU,False,AMBIGU
401054622,PRESSING 4,46677,-12438.0,2016,0,PRESSING,False,PRESSING
834318628,LAVERIE DU POTEAU,23755,4321.0,2018,0,LS_PURE,True,LS_PURE
513270108,HARMONY,183465,2581.0,2024,0,AMBIGU,False,AMBIGU
879650588,DELTA SERVICES,328750,17773.0,2022,0,AMBIGU,False,AMBIGU
852816396,ALOE PRESSING,167035,35508.0,2022,0,PRESSING,False,PRESSING
483659298,SARL MAYA,56635,-1177.0,2015,0,AMBIGU,False,AMBIGU
900073289,J.Z EXPRESS,23560,1265.0,2024,0,PRESSING,False,PRESSING
502831555,YLEAN,68740,1595.0,2022,0,AMBIGU,False,AMBIGU
572206852,CECIL PRESS,95074,-2809.0,2025,0,PRESSING,False,PRESSING
881795215,BOULAINVILLIERS PRESSING,150872,10686.0,2024,0,PRESSING,False,PRESSING
442779617,LAETITIA PRESSING,58507,-2702.0,2017,0,PRESSING,False,PRESSING
792647521,4 COM PRESS,69709,6035.0,2018,0,PRESSING,False,PRESSING
519414205,MULTI-SERVICE-LAVERIE,110277,14570.0,2015,0,LS_PURE,True,LS_PURE
839731502,PRESSING NAVARIN,126951,25735.0,2023,0,PRESSING,False,PRESSING
521841130,LAVE-NET,96360,4668.0,2024,0,AMBIGU,True,LS_PROBABLE
537811499,AJS CONCEPT,248226,4033.0,2021,0,AMBIGU,True,LS_PROBABLE
800088544,LAVERIE CLAVIJO LIBRE SERVICE,54125,2548.0,2024,0,LS_PURE,False,LS_PURE
411442353,FIRST CLEAN INTERNATIONAL,12204,364.0,2021,0,AMBIGU,False,AMBIGU
819827049,XU,76505,-4623.0,2024,0,AMBIGU,True,LS_PROBABLE
351232491,ADYM,226146,4893.0,2016,0,AMBIGU,False,AMBIGU
319224515,TEINTURERIE BLANCHISSERIE GALILEE,316054,52339.0,2023,0,PRESSING,False,PRESSING
304555691,PRESSING LE MAROIS,394615,28374.0,2016,0,PRESSING,False,PRESSING
444196968,AP SERVICE,122960,26459.0,2024,0,AMBIGU,False,AMBIGU
502322373,FEDHINET,59494,206.0,2024,0,AMBIGU,False,AMBIGU
794718569,EPICES ET A,333482,22443.0,2024,0,AMBIGU,False,AMBIGU
799546114,PRESSING SOLEIL,78668,13784.0,2022,0,PRESSING,False,PRESSING
837535012,LATOUR 66,38714,26037.0,2020,0,AMBIGU,False,AMBIGU
498002831,PRESSING DU CENTRE,124943,-34734.0,2020,0,PRESSING,False,PRESSING
800808578,VLG NET,196703,-8768.0,2024,0,AMBIGU,False,AMBIGU
434468492,EUROSOFT,405085,43906.0,2021,0,AMBIGU,True,LS_PROBABLE
503455172,MANON PRESSING,91040,9298.0,2020,0,PRESSING,True,PRESSING
793617614,BOULLE,118421,-6785.0,2024,0,AMBIGU,False,AMBIGU
534694799,C'CHIC PRESSING,23588,-3560.0,2020,0,PRESSING,False,PRESSING
750582876,AMETIS,68461,-66649.0,2020,0,AMBIGU,False,AMBIGU
903188894,VERGAN PRESSING,85357,1619.0,2023,0,PRESSING,False,PRESSING
538982190,PRESSING NDC,125243,2456.0,2014,0,PRESSING,False,PRESSING
301273280,PRESSING SERVICE,253064,-7110.0,2016,0,PRESSING,False,PRESSING
397786047,LAGOA,119233,5851.0,2023,0,AMBIGU,False,AMBIGU
512246042,NAKAR PROPRETE,38683,10709.0,2023,0,AMBIGU,False,AMBIGU
542017843,LAVERIE AUTOMATIQUE DE SAINT-OUEN,259986,22414.0,2022,0,LS_PURE,False,LS_PURE
825087679,BRISSON PRESSING,287212,-72597.0,2017,0,PRESSING,False,PRESSING
389219916,LA PAIX DISTRIBUTION,89143,-1532.0,2024,0,AMBIGU,False,AMBIGU
440930345,LAVERIE LAUMIERE,22519,3340.0,2024,0,LS_PURE,False,LS_PURE
453954950,DELUX NET PRESSING,79057,-11948.0,2018,0,PRESSING,False,PRESSING
882417769,ENEO LAVERIE,127339,31658.0,2024,0,LS_PURE,False,LS_PURE
977849231,LSLA,28057,-8387.0,2024,0,AMBIGU,True,LS_PROBABLE
301309936,SOC LES PRESSINGS ACTUELS,129629,1482.0,2019,0,PRESSING,False,PRESSING
840494348,HUAN BI,30883,-20614.0,2020,0,AMBIGU,False,AMBIGU
552127870,LAV PRESS DE LA NATION,14400,3675.0,2022,0,LS_MIXTE,False,LS_MIXTE
539015735,SDJ,138226,21788.0,2021,0,AMBIGU,True,LS_PROBABLE
752827618,TIDOU,410232,26588.0,2016,0,AMBIGU,True,LS_PROBABLE
423478882,RIQUET PRESSING,109548,56.0,2023,0,PRESSING,True,PRESSING
511233017,A.N.T,204299,13605.0,2018,0,AMBIGU,False,AMBIGU
444227771,SARL SARAY,159295,-32588.0,2020,0,AMBIGU,False,AMBIGU
319762662,SARL SELSA SERVICE,100422,-49091.0,2022,0,AMBIGU,False,AMBIGU
444699284,S.A.R.L. AURELIE,13041,-5269.0,2020,0,AMBIGU,False,AMBIGU
552138190,AUTOLAVLINGE,481663,49351.0,2016,0,AMBIGU,False,AMBIGU
810763334,BLUE PRESSING,257635,956.0,2022,0,PRESSING,False,PRESSING
749905097,LAV'NADHIF,18694,14251.0,2018,0,LS_PURE,True,LS_PURE
309446904,PIBERGIL,79058,-4453.0,2017,0,AMBIGU,False,AMBIGU
381308055,VARME,76276,-315.0,2022,0,AMBIGU,True,LS_PROBABLE
823558515,UNION PRESSING,70350,-20143.0,2024,0,PRESSING,False,PRESSING
481141711,LAMARI LAUNDROMAT,23993,130.0,2021,0,LS_PURE,False,LS_PURE
834160269,MA,223803,34900.0,2024,0,AMBIGU,False,AMBIGU
838261592,STAR PRESSING,111369,21245.0,2022,0,PRESSING,False,PRESSING
413302738,ROYAL'S PRESSING CORDONNERIE,59592,7236.0,2019,0,PRESSING,False,PRESSING
487548448,LAV'PRESS DE LA MAIRIE,173063,5019.0,2024,0,LS_MIXTE,False,LS_MIXTE
483512414,LAV'TOUT BLANC,78651,3667.0,2024,0,LS_PURE,False,LS_PURE
519850085,SAMET,61295,273.0,2017,0,AMBIGU,False,AMBIGU
911470193,2A3M LAVERIE,45750,170.0,2024,0,LS_PURE,False,LS_PURE
419088521,JULICE LAVERIE,203368,30555.0,2018,0,LS_PURE,True,LS_PURE
821614450,LAVERIE SAINT PETERSBOURG,27012,-3388.0,2021,0,LS_PURE,True,LS_PURE
448762740,STAR NET,91302,1044.0,2022,0,AMBIGU,True,LS_PROBABLE
533175592,FAUBOURG PRESS-IMPEC,120027,1037.0,2024,0,PRESSING,False,PRESSING
435405600,F.M,46836,8.0,2017,0,AMBIGU,False,AMBIGU
433278975,CHABROL PRESSING,28132,6366.0,2020,0,PRESSING,False,PRESSING
491988358,LAVERIE ARDJOUNE,204399,3191.0,2018,0,LS_PURE,True,LS_PURE
752062711,LAVOIR MODERNE PARIS,459532,-1735875.0,2020,0,LS_PURE,False,LS_PURE
331928713,SSM SOC SERVICES DU MONT,32478,2342.0,2022,0,AMBIGU,True,LS_PROBABLE
808646772,S.N.R. PRO,116589,611.0,2018,0,AMBIGU,False,AMBIGU
503135527,FEI DA,72154,1575.0,2024,0,AMBIGU,False,AMBIGU
523987410,CITE LAVERIE,108900,17474.0,2024,0,LS_PURE,True,LS_PURE
378898431,IBA PRESSING,60786,-4935.0,2020,0,PRESSING,False,PRESSING
441498581,J & H SERVICES,72003,25546.0,2023,0,AMBIGU,True,LS_PROBABLE
953688272,PRESSING SOLEIL COURONNES,81577,-5796.0,2024,0,PRESSING,True,PRESSING
834355356,ARC EN CIEL PRESSING,92210,23826.0,2024,0,PRESSING,False,PRESSING
849641691,A LAVE VERSAILLAISE,115697,17844.0,2024,0,LS_PURE,False,LS_PURE
753023829,SOFIA,134854,9265.0,2019,0,AMBIGU,False,AMBIGU
838400786,VOLTAIRE RETOUCHES PRESSING,93109,1350.0,2024,0,PRESSING,True,PRESSING
832104855,MATHIAS,38415,309.0,2022,0,AMBIGU,False,AMBIGU
524461662,O2 NET CONCEPT,118846,-19752.0,2021,0,PRESSING,False,PRESSING
790924336,LOVE WASH,22535,-1944.0,2017,0,LS_PURE,False,LS_PURE
919358606,BD PRESSING,122121,23915.0,2024,0,PRESSING,False,PRESSING
482142536,SAGIKA.NET,47898,-1124.0,2023,0,AMBIGU,False,AMBIGU
799791587,RETOUCHE DE VAUGIRARD,31039,1205.0,2021,0,AMBIGU,False,AMBIGU
732067897,NORD DE PARIS SERVICES,186680,16315.0,2024,0,AMBIGU,True,LS_PROBABLE
530682574,LAVERIK 2,12429,-39246.0,2017,0,AMBIGU,False,AMBIGU
801869488,DAMARO SELF SERVICES,30910,-16029.0,2024,0,LS_PURE,False,LS_PURE
437625924,EURL SOK,16846,-2528.0,2019,0,AMBIGU,False,AMBIGU
437879893,NASSAR SARL,43510,-12.0,2019,0,AMBIGU,False,AMBIGU
811903384,HANGOVER,214473,19935.0,2017,0,AMBIGU,False,AMBIGU
790907182,COUCOU PRESSING,256190,7868.0,2024,0,PRESSING,False,PRESSING
390979326,SOAPOPERA,145750,22154.0,2021,0,AMBIGU,False,AMBIGU
821345337,ARM - NET,113313,24482.0,2020,0,AMBIGU,False,AMBIGU
807757273,LES EIDERS PRESSING,45037,8382.0,2024,0,PRESSING,False,PRESSING
452474497,EROL,123310,5538.0,2024,0,AMBIGU,False,AMBIGU
408095925,SARL CLINE'NET PRESSING,150943,594.0,2023,0,PRESSING,False,PRESSING
513940684,PRESSING DE LA FAISANDERIE,137373,13093.0,2021,0,PRESSING,False,PRESSING
444147953,SELAC,392794,23949.0,2020,0,AMBIGU,True,LS_PROBABLE
490269305,LAVECO,64283,64142.0,2019,0,AMBIGU,False,AMBIGU
827514993,PARIS LAVAGE ENTREPRISE,41270,20706.0,2021,0,LS_PURE,False,LS_PURE
532562717,FAST-LAV,124185,6365.0,2023,0,AMBIGU,True,LS_PROBABLE
303354591,GEKIK PRESSING,157627,-9317.0,2016,0,PRESSING,False,PRESSING
522985217,SUN PRESSING LI,232714,8371.0,2024,0,PRESSING,False,PRESSING
512340225,MAYCLEAN,15826,664.0,2024,0,AMBIGU,False,AMBIGU
528030315,BGNJ,280801,27795.0,2017,0,AMBIGU,False,AMBIGU
602024416,SABLONS PRESSING,312800,7370.0,2016,0,PRESSING,False,PRESSING
833739006,LAVERIE ALLES,20638,4900.0,2018,0,LS_PURE,False,LS_PURE
819812850,RIO,33016,-3382.0,2021,0,AMBIGU,False,AMBIGU
415190214,SOKLEEN,58374,-1587.0,2021,0,AMBIGU,True,LS_PROBABLE
879093797,LES MAISONS BLANCHES,29222,-7029.0,2022,0,AMBIGU,False,AMBIGU
509110599,DELTA CLEAN,175372,-9720.0,2024,0,AMBIGU,False,AMBIGU
419402730,PRESS CLEAN,101236,4265.0,2017,0,PRESSING,False,PRESSING
712058759,LE GRAND PAVOIS,55408,23683.0,2023,0,AMBIGU,False,AMBIGU
483035473,P & L PROMETHEE,11506,3178.0,2020,0,AMBIGU,False,AMBIGU
824057491,CELINE PRESSING,139132,15445.0,2024,0,PRESSING,False,PRESSING
839812302,I AM WINNER,42714,1334.0,2023,0,AMBIGU,False,AMBIGU
969201797,SA PRESSING 32,427075,-65922.0,2019,0,PRESSING,False,PRESSING
303476527,MAG-PRESS-LEMERCIER,85505,12016.0,2016,0,PRESSING,False,PRESSING
383923679,SARL EQUATEUR,50829,6517.0,2014,0,AMBIGU,False,AMBIGU
582033270,O NET PRESSING,85073,2174.0,2017,0,PRESSING,True,PRESSING
845236868,LAVERIES SPEED WASH,18160,839.0,2020,0,LS_PURE,True,LS_PURE
514662394,RETOUCHERIE PUTEAUX,11200,16396.0,2021,0,AMBIGU,False,AMBIGU
542110069,LAVRILUX,54511,-2724.0,2019,0,AMBIGU,False,AMBIGU
521509299,PRESSING SISSY,76973,13393.0,2025,0,PRESSING,False,PRESSING
789539079,MAJOR CLEAN,171837,1522.0,2016,0,AMBIGU,False,AMBIGU
801277252,2S ARH,28424,-2631.0,2019,0,AMBIGU,False,AMBIGU
794890079,LE PRESSING,101894,9854.0,2024,0,PRESSING,False,PRESSING
498450477,AQUA NETTOYAGE,56366,9654.0,2023,0,PRESSING,False,PRESSING
851029066,CHELLES LAVERIE,47298,-16453.0,2023,0,LS_PURE,False,LS_PURE
538762246,AHAVA ELLA,63598,-1085.0,2024,0,AMBIGU,True,LS_PROBABLE
791020761,EP ESPACE PRESSING,19651,-2311.0,2015,0,PRESSING,False,PRESSING
812961282,G.N LAVCLAIRE,126587,32401.0,2022,0,AMBIGU,False,AMBIGU
851147561,PRESSING CELINE,35486,-53273.0,2021,0,PRESSING,False,PRESSING
513488700,LAVERIE DU CENTRE,32260,1003.0,2021,0,LS_PURE,False,LS_PURE
542026679,PRESSING LAUMIERE,429646,15619.0,2018,0,PRESSING,False,PRESSING
833519820,PRESSING FELIX FAURE,140547,22146.0,2022,0,PRESSING,False,PRESSING
682013719,SOC LESUEUR PRESSING,30528,199.0,2016,0,PRESSING,False,PRESSING
384589628,ORGANIS,86745,20628.0,2015,0,AMBIGU,True,LS_PROBABLE
791705189,PRESSING EXPRESS,99570,1975.0,2024,0,PRESSING,False,PRESSING
413174376,PRESSINF 2 M,64680,-3717.0,2020,0,PRESSING,False,PRESSING
820097582,LY PRESSING,64028,1198.0,2024,0,PRESSING,False,PRESSING
429360654,MASTER COLOR,139912,28364.0,2018,0,AMBIGU,False,AMBIGU
483340212,SARL LAVNET,190634,2892.0,2019,0,LS_PURE,True,LS_PURE
890506108,PRESSING TCHIC,110857,-24369.0,2024,0,PRESSING,False,PRESSING
524200425,LM LAVAGE,36720,4485.0,2024,0,LS_PURE,False,LS_PURE
411179690,PRESSING ECOLOGIQUE DU VILLAGE,62010,5921.0,2022,0,PRESSING,False,PRESSING
537415317,PRESSING AIGLE ROYAL,128012,5050.0,2015,0,PRESSING,False,PRESSING
812651214,BAWT,57499,-11210.0,2022,0,AMBIGU,False,AMBIGU
800456576,PRESSING POINCARE,98023,11339.0,2024,0,PRESSING,False,PRESSING
800894941,K10,128900,14212.0,2021,0,AMBIGU,False,AMBIGU
834393837,ZEK LAV,3683,-17946.0,2024,0,AMBIGU,False,AMBIGU
329402390,LAVERIE DE LA BASTILLE,100304,100741.0,2023,0,LS_PURE,True,LS_PURE
810968453,PRESSING CARPEAUX,62194,9261.0,2022,0,PRESSING,False,PRESSING
442857546,KMW INVESTISSEMENT,8333,-9224.0,2024,0,AMBIGU,False,AMBIGU
