siren,nom_pappers,classification_finale,source_classification,objet_social,code_naf,libelle_naf,forme_juridique,adresse_ligne_1,code_postal,ville,latitude,longitude,enseigne,nom_commercial,date_creation,entreprise_cessee,date_cessation,nb_etablissements_actifs,nb_etablissements_total,procedure_collective_en_cours,derniere_procedure_type,siret_siege,has_panel_data,flag_multi_etabs
793165234,LAVE MONT LAVERIES MONTMARTRE,LS_INITIAL,A1_pure_or_probable,Laverie automatique,96.01B,Blanchisserie-teinturerie de détail,"EURL, entreprise unipersonnelle à responsabilité limitée",3 RUE EUGENE SUE,75018,PARIS,48.89094299980184,2.34592700000271,LAVATRONIC,LAVATRONIC,2013-05-16,False,,3,4,False,,79316523400014,1,1
444720593,FINANCIERE MENILMONTANT,LS_INITIAL,A1_pure_or_probable,TEINTURERIE BLANCHISSERIE LAVERIE,96.01B,Blanchisserie-teinturerie de détail,"SARL, société à responsabilité limitée",133 RUE DE MENILMONTANT,75020,PARIS,48.87017399980183,2.395495000002504,,,2003-01-07,False,,1,2,False,,44472059300029,1,0
381354810,STARWASH,LS_INITIAL,A1_pure_or_probable,Laverie automatique.,96.01B,Blanchisserie-teinturerie de détail,"SARL, société à responsabilité limitée",113 RUE DE MEAUX,75019,PARIS,48.88436699980184,2.378314000002576,,,1991-03-01,False,,4,9,False,,38135481000016,1,1
413153859,LAVERIE MAISONS ALFORT,LS_INITIAL,A1_pure_or_probable,Laverie automatique.,96.01B,Blanchisserie-teinturerie de détail,"SARL, société à responsabilité limitée",50 AVENUE DU GENERAL LECLERC,94700,MAISONS-ALFORT,48.806987999801855,2.438304000002324,LAVERIE MAISONS-ALFORT,,1997-07-13,False,,3,4,False,,41315385900017,1,1
903047975,SARL FASO,LS_INITIAL,A1_pure_or_probable,Laverie automatique,96.01B,Blanchisserie-teinturerie de détail,"SARL, société à responsabilité limitée",9 RUE VICTOR HUGO,92230,GENNEVILLIERS,48.92087399980185,2.2939180000029276,,,2021-07-21,False,,1,1,False,,90304797500011,1,0
391394707,VOLTAIRE LAVERIE,LS_INITIAL,A1_pure_or_probable,Laverie libre service,96.01B,Blanchisserie-teinturerie de détail,"SARL, société à responsabilité limitée",48 BOULEVARD VOLTAIRE,75011,PARIS,48.86323999980184,2.3706640000026074,,,1993-03-17,False,,1,3,False,,39139470700031,1,0
954046835,FIRELAV,LS_INITIAL,A1_pure_or_probable,Activités des sièges sociaux,96.01B,Blanchisserie-teinturerie de détail,"SAS, société par actions simplifiée",17 RUE DU COLONEL OUDOT,75012,PARIS,48.83725399980183,2.4077340000024527,,,2023-07-03,False,,3,3,False,,95404683500011,1,1
850855065,LAVERIE N12,LS_INITIAL,A1_pure_or_probable,PRESSING NETTOYAGE BLANCHISSERIE REPASSAGE RETOUCHERIE,96.01B,Blanchisserie-teinturerie de détail,"SASU, société par actions simplifiée unipersonnelle",6 RUE DUGOMMIER,75012,PARIS,48.83948599980183,2.3906840000025227,,,2019-04-26,False,,1,1,False,,85085506500015,1,0
519882377,LAVERIE FJL,LS_INITIAL,A1_pure_or_probable,Laverie automatique,96.01B,Blanchisserie-teinturerie de détail,"SARL, société à responsabilité limitée",78 RUE DES AMANDIERS,75020,PARIS,48.86654599980183,2.3897700000025273,,,2010-02-01,False,,5,5,False,,51988237700012,1,1
883135089,CONCEPT LAV'ECO,LS_INITIAL,A1_pure_or_probable,laverie automatique en libre-service,96.01B,Blanchisserie-teinturerie de détail,"SASU, société par actions simplifiée unipersonnelle",37 AVENUE PIERRE GRENIER,92100,BOULOGNE-BILLANCOURT,48.83007999980184,2.251525000003097,,,2020-04-29,False,,1,2,False,,88313508900026,1,0
531057867,YS LAVERIE,LS_INITIAL,A1_pure_or_probable,Laverie automatique,96.01B,Blanchisserie-teinturerie de détail,"SARL, société à responsabilité limitée",105 BOULEVARD JOURDAN,75014,PARIS,48.82240199980183,2.3283610000027792,,YS LAVERIE,2011-02-01,False,,1,1,False,,53105786700016,1,0
530772086,LES LAVERIES DE PARIS,LS_INITIAL,A1_pure_or_probable,"L'acquisition, la création et l'exploitation de laveries automatiques",96.01B,Blanchisserie-teinturerie de détail,"SARL, société à responsabilité limitée",32 RUE HENRI BARBUSSE,93420,VILLEPINTE,48.96511499980181,2.5306450000019476,,,2011-02-16,False,,1,2,False,,53077208600027,1,0
507831709,ELECTR'EAU LAV,LS_INITIAL,A1_pure_or_probable,"L'ouverture, l'installation, la modernisation, la location, l'exploitation sous toutes ses formes, de laveries-pressing, de blanchisseries, de teintureries et tous commerces similaires ou complémentaires, le négoce des matériels, machines, équipements",96.01B,Blanchisserie-teinturerie de détail,"SARL, société à responsabilité limitée",31 BOULEVARD DE CHARONNE,75011,PARIS,48.85096101374623,2.3982460559865624,,,2008-09-01,False,,2,4,False,,50783170900047,1,1
809487739,AU FIL DE L'EAU,LS_INITIAL,A1_pure_or_probable,Laverie automatique en libre service.,96.01B,Blanchisserie-teinturerie de détail,"SAS, société par actions simplifiée",9 AVENUE ARBLADE,92240,MALAKOFF,48.81802099980184,2.2919330000029308,,,2015-03-02,False,,1,1,False,,80948773900017,1,0
483359030,LE FER A LA MAIN,LS_INITIAL,A1_pure_or_probable,"Lavage, repassage.",96.01B,Blanchisserie-teinturerie de détail,"SARL, société à responsabilité limitée",1 AVENUE EDOUARD VAILLANT,92150,SURESNES,48.86249599980185,2.207758000003281,,LE FER A LA MAIN ,2005-07-19,False,,1,1,False,,48335903000010,1,0
414759100,CLISSON LAVA,LS_INITIAL,A1_pure_or_probable,LAVERIE AUTOMATIQUE,96.01B,Blanchisserie-teinturerie de détail,"SARL, société à responsabilité limitée",46 RUE CLISSON,75013,PARIS,48.83156899980185,2.3665220000026217,,,1997-11-14,False,,2,2,False,,41475910000012,1,1
377823844,NMJP,LS_INITIAL,A1_pure_or_probable,LAVERIE LIBRE SERVICE,96.01B,Blanchisserie-teinturerie de détail,"SARL, société à responsabilité limitée",50 B RUE MARX DORMOY,75018,PARIS,48.88789399980185,2.3600350000026515,DORMOY SERVICE,,1990-03-12,False,,4,5,False,,37782384400024,1,1
851425827,G M LAVERIE,LS_INITIAL,A1_pure_or_probable,Laverie libre service.,96.01B,Blanchisserie-teinturerie de détail,"SARL, société à responsabilité limitée",111 B BOULEVARD SAINT-DENIS,92400,COURBEVOIE,48.89822399980185,2.26412500000305,,,2019-06-17,False,,3,3,False,,85142582700017,1,1
790116032,LAVERIE MJ,LS_INITIAL,A1_pure_or_probable,Laverie automatique en libre service.,96.01B,Blanchisserie-teinturerie de détail,"SARL, société à responsabilité limitée",5 RUE HEGESIPPE MOREAU,75018,PARIS,48.88694199980184,2.327396000002786,,,2012-11-28,False,,2,2,False,,79011603200018,1,1
803883990,HBJJ,LS_INITIAL,A1_pure_or_probable,Laverie libre service,96.01B,Blanchisserie-teinturerie de détail,"SARL, société à responsabilité limitée",1 AVENUE GUSTAVE STRESEMANN,92150,SURESNES,48.86328199980182,2.2045770000032947,,,2014-07-21,False,,1,1,False,,80388399000019,1,0
308240308,PRIBA SARL,LS_INITIAL,A1_pure_or_probable,"L'acquisition, la création, l'exploitation, la prise en location de tous fonds de commerce de laverie en libre-service et de nettoyage à sec en libre-service, ainsi que tous fonds de commerce similaires ou analogues.",96.01B,Blanchisserie-teinturerie de détail,"SASU, société par actions simplifiée unipersonnelle",216 RUE SAINT-JACQUES,75005,PARIS,48.84516699980183,2.342401000002723,,,1956-01-01,False,,1,3,False,,30824030800020,1,0
529440372,LAVOTRONIC ,LS_INITIAL,A1_pure_or_probable,Laverie automatique,96.01B,Blanchisserie-teinturerie de détail,"SAS, société par actions simplifiée",34 RUE LA CONDAMINE,75017,PARIS,48.88682599980182,2.322794000002806,,LAVOTRONIC,2010-12-20,False,,18,19,False,,52944037200017,1,1
841717416,SS SWHAT SERVICE,LS_INITIAL,A1_pure_or_probable,"laverie automatique, pressing, blanchisserie de détail et dépôt pressing.",96.01B,Blanchisserie-teinturerie de détail,"SASU, société par actions simplifiée unipersonnelle",26 RUE DES BOURGUIGNONS,92600,ASNIERES-SUR-SEINE,48.91216499980184,2.272360000003016,,,2018-09-01,False,,1,1,False,,84171741600017,1,0
383474947,DELROCHE,LS_INITIAL,A1_pure_or_probable,LAVERIE AUTOMATIQUE,96.01B,Blanchisserie-teinturerie de détail,"SAS, société par actions simplifiée",9 RUE DES BELLES FEUILLES,75016,PARIS,48.86610999980184,2.282630000002972,,,1991-11-01,False,,1,2,False,,38347494700025,1,0
844765032,BUBBLE WASH,LS_INITIAL,A1_pure_or_probable,Laverie automatique,96.01B,Blanchisserie-teinturerie de détail,"SASU, société par actions simplifiée unipersonnelle",1 PLACE EMILE LANDRIN,75020,PARIS,48.863898999801826,2.400370000002483,,,2018-12-06,False,,1,1,False,,84476503200017,1,0
410726376,LA LAVERIE DA LA BOURSE,LS_INITIAL,A1_pure_or_probable,Exploitation d'une laverie automatique vente en ambulant de tous produits non réglementés,96.01B,Blanchisserie-teinturerie de détail,"SAS, société par actions simplifiée",2 RUE PAUL VAILLANT COUTURIER,92230,GENNEVILLIERS,48.916430999801804,2.2988560000029072,,,1997-02-01,False,,1,1,False,,41072637600016,1,0
352020838,LAVERIE TELEGRAPHE,LS_INITIAL,A1_pure_or_probable,"LAVERIE, LIBRE SERVICE, PRESSING",96.01B,Blanchisserie-teinturerie de détail,"EURL, entreprise unipersonnelle à responsabilité limitée",255 RUE DE BELLEVILLE,75019,PARIS,48.87555999980183,2.3983210000024924,,LAVERIE TELEGRAPHE,1989-09-01,False,,2,2,False,,35202083800012,1,1
913036976,LAVE'UB,LS_INITIAL,A1_pure_or_probable,Laveries automatiques et services à la personne,96.01B,Blanchisserie-teinturerie de détail,"SAS, société par actions simplifiée",3 RUE JEAN JAURES,91370,VERRIERES-LE-BUISSON,48.747687999801855,2.2619060000030506,,,2022-04-25,False,,2,2,False,,91303697600011,1,1
408270320,LAVERIE D'AUTEUIL,LS_INITIAL,A1_pure_or_probable,EXPLOITATION DE LAVERIE AUTOMATIQUE ET TOUS COMMERCES SIMILAIRESOU COMPLEMENTAIRES - LE NEGOCE DES MATERIELS MACHINES EQUIPEMENTS ACCESSOIRES FOURNITURES ET MARCHANDISES UTILISES OU VENDUS DANS CES MEMES PROFESSIONS,96.01B,Blanchisserie-teinturerie de détail,"SARL, société à responsabilité limitée",7 B RUE GERICAULT,75016,PARIS,48.84834199980183,2.262327000003055,,,1996-07-01,False,,1,1,False,,40827032000018,1,0
418915872,SARL CMP,LS_INITIAL,A1_pure_or_probable,Blanchisserie-teinturerie de détail,96.01B,Blanchisserie-teinturerie de détail,"SARL, société à responsabilité limitée",122 BOULEVARD DU GENERAL LECLERC,92110,CLICHY,48.90951899980186,2.306963000002873,,,1998-04-08,False,,1,1,False,,41891587200018,1,0
784611915,LE LIBRE SERVICE SOFIA,LS_INITIAL,A1_pure_or_probable,LAVERIE AUTOMATIQUE,96.01B,Blanchisserie-teinturerie de détail,"SARL, société à responsabilité limitée",1 B RUE BROWN-SEQUARD,75015,PARIS,48.84190899980185,2.3151730000028348,LIBRE SERVICE SOFIA,,1968-10-24,False,,4,5,False,,78461191500017,1,1
789142874,SEKMET,LS_INITIAL,A1_pure_or_probable,Laverie automatique libre service,96.01B,Blanchisserie-teinturerie de détail,"SARL, société à responsabilité limitée",3 RUE BAUDIN,92300,LEVALLOIS-PERRET,48.89505599980184,2.2783070000029904,WASH'N DRY,,2012-11-05,False,,1,2,False,,78914287400021,1,0
662026368,SOC LIBRE SERVICE RELAX     76,LS_INITIAL,A1_pure_or_probable,"Laverie automatique et nettoyage à sec, tous deux en libre service, lavage, blanchissage, pressing et teinturerie, repassage, et retouches.",96.01B,Blanchisserie-teinturerie de détail,"SARL, société à responsabilité limitée",61 RUE CARNOT,92100,BOULOGNE-BILLANCOURT,48.833843999801864,2.2377930000031543,,,1900-01-01,False,,1,1,False,,66202636800016,1,0
523647410,SARL NAFICA,LS_INITIAL,A1_pure_or_probable,Laverie automatique,96.01B,Blanchisserie-teinturerie de détail,"SARL, société à responsabilité limitée",4 RUE PHILIBERT LUCOT,75013,PARIS,48.82251099980183,2.36215200000264,,,2010-07-08,False,,1,2,False,,52364741000027,1,0
411178072,R M  LAVAGE,LS_INITIAL,A1_pure_or_probable,LAVERIE AUTOMATIQUE,96.01B,Blanchisserie-teinturerie de détail,"SARL, société à responsabilité limitée",4 RUE BASTE,75019,PARIS,48.88117599980185,2.374214000002593,,R M LAVAGE,1997-03-01,False,,2,2,False,,41117807200012,1,1
512993783,LAVERIE DE L'ILE,LS_INITIAL,A1_pure_or_probable,Laverie automatique,96.01B,Blanchisserie-teinturerie de détail,"SARL, société à responsabilité limitée",15 BOULEVARD DU GENERAL LECLERC,92000,NANTERRE,48.89865099980184,2.1924700000033472,,,2009-03-01,False,,0,1,False,,51299378300012,1,0
504568346,LOCLA,LS_INITIAL,A1_pure_or_probable,"L'exploitation de tous fonds de commerce de laverie automatique, nettoyage, peinturerie, stoppage, dégraissage et pressing de vêtements.",96.01B,Blanchisserie-teinturerie de détail,"SARL, société à responsabilité limitée",33 RUE DES ROSIERS,93400,SAINT-OUEN-SUR-SEINE,48.906156999801844,2.336069000002752,LOCLA,LOCLA,2008-06-05,False,,2,2,False,,50456834600010,1,1
323903930,SELNAS,LS_INITIAL,A1_pure_or_probable,LAVERIE AUTOMATIQUE.,96.01B,Blanchisserie-teinturerie de détail,"SARL, société à responsabilité limitée",88 B RUE RIQUET,75018,PARIS,48.890081999801815,2.361898000002645,,,1982-02-12,False,,3,4,False,,32390393000010,1,1
341279065,HA LAVAGE,LS_INITIAL,A1_pure_or_probable,Laverie automatique et prestations de services lies à la logistique,96.01B,Blanchisserie-teinturerie de détail,"SAS, société par actions simplifiée",45 RUE FELIX FAURE,92700,COLOMBES,48.91466999980184,2.257350000003078,,SALON LAVOIR GTI,1987-05-01,False,,2,7,False,,34127906500021,1,1
428687941,CL LAVERIE LIBRE SERVICE,LS_INITIAL,A1_pure_or_probable,Laverie en libre service,96.01B,Blanchisserie-teinturerie de détail,"SARL, société à responsabilité limitée",117 RUE DE CRIMEE,75019,PARIS,48.88559699980185,2.3824620000025583,,,2000-01-03,False,,0,1,False,,42868794100016,1,0
530327063,VDLJ,LS_INITIAL,A1_pure_or_probable,Laverie automatique,96.01B,Blanchisserie-teinturerie de détail,"SARL, société à responsabilité limitée",80 RUE DE GERGOVIE,75014,PARIS,48.831844999801845,2.317629000002825,,,2011-02-01,False,,1,1,False,,53032706300018,1,0
514335546,SARL B.S,LS_INITIAL,A1_pure_or_probable,Laverie automatique libre service.,96.01B,Blanchisserie-teinturerie de détail,"SARL, société à responsabilité limitée",3 RUE DE BRETAGNE,92140,CLAMART,48.78347799980187,2.2438460000031264,WASH N' DRY,,2009-09-01,False,,1,1,False,,51433554600016,1,0
391591914,NAKI NET,LS_INITIAL,A1_pure_or_probable,"EXPLOITATION DE LAVERIE AUTOMATIQUE EN LIBRE SERVICE, ACTIVITE DE RETOUCHES EN TOUS GENRES COUTURES ET VENTES DE TOUS TISSUS ET ACCESSOIRES Y ATTACHES",96.01B,Blanchisserie-teinturerie de détail,"SAS, société par actions simplifiée",44 RUE PELLEPORT,75020,PARIS,48.86498999980184,2.4040600000024686,,NAKI'NET,1993-05-20,False,,3,4,False,,39159191400018,1,1
422883389,LAVERIE ORNANO,LS_INITIAL,A1_pure_or_probable,Blanchisserie-teinturerie de détail,96.01B,Blanchisserie-teinturerie de détail,"SARL, société à responsabilité limitée",67 BOULEVARD ORNANO,75018,PARIS,48.89665699980181,2.3452000000027136,,,1998-11-04,False,,0,1,False,,42288338900013,1,0
801819657,WASH HOUDRY,LS_INITIAL,A1_pure_or_probable,Laverie libre-service.,96.01B,Blanchisserie-teinturerie de détail,"SASU, société par actions simplifiée unipersonnelle",16 RUE PERDONNET,75010,PARIS,48.88346899980183,2.3604090000026505,WASH AND DRY,,2014-05-01,False,,1,1,False,Liquidation judiciaire,80181965700017,1,0
792378572,JLS CONCEPT,LS_INITIAL,A1_pure_or_probable,"Exploitation de laveries automatiques, vente de matériels de laverie et pressing, import export de tous biens, achat vente de véhicules, cycles, machines, mobiliers.",96.01B,Blanchisserie-teinturerie de détail,"SASU, société par actions simplifiée unipersonnelle",7 RUE DE PATAY,75013,PARIS,48.82457999980185,2.3759690000025824,,JLS CONCEPT,2013-04-03,False,,8,9,False,,79237857200020,1,1
414353235,SLAV SOCIETE LAVERIES AUTOMAT VERSAILLAISES,LS_INITIAL,A1_pure_or_probable,Laverie automatique,96.01B,Blanchisserie-teinturerie de détail,"SAS, société par actions simplifiée",10 RUE PHILIPPE DE DANGEAU,78000,VERSAILLES,48.803529999801846,2.1334250000035846,,,1997-11-01,False,,11,15,False,,41435323500032,1,1
353562838,JCPF,LS_INITIAL,A1_pure_or_probable,LAVERIE LIBRE SERVICE,96.01B,Blanchisserie-teinturerie de détail,"SARL, société à responsabilité limitée",10 RUE DE JOUY,75004,PARIS,48.854917999801835,2.3582810000026577,,J.C.P.F.,1990-02-15,False,,1,1,False,,35356283800014,1,0
844586909,LAV MJL,LS_INITIAL,A1_pure_or_probable,Laverie et pressing en libre-service.,96.01B,Blanchisserie-teinturerie de détail,"SARL, société à responsabilité limitée",63 RUE DES BATIGNOLLES,75017,PARIS,48.88621899980184,2.318670000002823,,,2018-12-12,False,,1,1,False,,84458690900013,1,0
833733538,RELAIS DE MARNE ET SEINE,LS_INITIAL,A1_pure_or_probable,"Laverie automatique, vente de tous produits annexes",96.01B,Blanchisserie-teinturerie de détail,"SARL, société à responsabilité limitée",18 RUE JEAN JAURES,94240,L'HAY-LES-ROSES,48.77875299980187,2.335473000002747,LAVERIE,RELAIS DE MARNE ET SEINE,2018-01-08,False,,8,9,False,,83373353800031,1,1
792403438,T.J.S,LS_INITIAL,A1_pure_or_probable,"Exploitation de laveries automatiques, vente de matériels de laverie et pressing, import export de tous biens, achat vente de véhicules, cycles, machines, mobiliers",96.01B,Blanchisserie-teinturerie de détail,"SASU, société par actions simplifiée unipersonnelle",44 RUE DE LA TOMBE ISSOIRE,75014,PARIS,48.83059699980182,2.334268000002755,,T.J.S.,2013-04-03,False,,5,5,False,,79240343800015,1,1
831080429,AU PETIT LAVOIR,LS_INITIAL,A1_pure_or_probable,"Pressing, blanchisserie, laverie à domicile",96.01B,Blanchisserie-teinturerie de détail,"EURL, entreprise unipersonnelle à responsabilité limitée",14 RUE DE MONTYON,75009,PARIS,48.873154999801834,2.3439230000027185,,,2017-07-18,False,,1,2,True,Liquidation judiciaire,83108042900028,1,0
353735343,LAV'STORY,LS_INITIAL,A1_pure_or_probable,"LAVERIE AUTOMATIQUE, BLANCHISSERIE, LAVAGE, REPASSAGE, TRANSPORTS DE LINGE PRESSING, TRAITEMENT DU LINGE COUTURE RETOUCHES. EXPLOITATION D'APPAREILS DE DISTRIBUTION AUTOMATIQUE. TOUTE ACTIVITEDE LIBRE-SERVICE - AGENCE COMMERCIALE",96.01B,Blanchisserie-teinturerie de détail,"SARL, société à responsabilité limitée",14 RUE LETORT,75018,PARIS,48.89428399980185,2.3432190000027218,,,1990-02-21,False,,5,7,False,,35373534300017,1,1
798191847,SM LAVAGE,LS_INITIAL,A1_pure_or_probable,Laverie automatique,96.01B,Blanchisserie-teinturerie de détail,"SARL, société à responsabilité limitée",56 RUE DU CHATEAU LANDON,75010,PARIS,48.88393799980185,2.3645330000026323,,,2013-10-08,False,,2,3,False,,79819184700028,1,1
419705900,B M SERVICES,LS_INITIAL,A1_pure_or_probable,Pressing retouchés laverie automatique ou non nettoyage de locaux industriels ou particuliers ainsi que leurs biens meubles vente par correspondance et prestation de services,96.01B,Blanchisserie-teinturerie de détail,"SARL, société à responsabilité limitée",2 RUE GEORGES MELIES,78390,BOIS-D'ARCY,48.80098404360371,2.0098060273621856,,STAR CLEAN,1998-07-24,False,,8,8,False,,41970590000084,1,1
838759389,CSR,LS_INITIAL,A1_pure_or_probable,Exploitation d'un fonds de commerce de laverie automatique.,96.01B,Blanchisserie-teinturerie de détail,"SAS, société par actions simplifiée",75 RUE DE BELLEVUE,92100,BOULOGNE-BILLANCOURT,48.83520199980187,2.2308660000031835,,AU FIL DE L'EAU,2018-04-01,False,,1,1,False,,83875938900011,1,0
835263112,LAVERIE O'CLEAN,LS_INITIAL,A1_pure_or_probable,Laverie livre service.,96.01B,Blanchisserie-teinturerie de détail,"SASU, société par actions simplifiée unipersonnelle",132 RUE DU CHEMIN VERT,75011,PARIS,48.86220099980183,2.385081000002547,,,2018-01-02,False,,1,1,False,,83526311200012,1,0
408418093,POINT LAVERIE SERVICE,LS_INITIAL,A1_pure_or_probable,"Laverie, libre-service",96.01B,Blanchisserie-teinturerie de détail,"SARL, société à responsabilité limitée",80 RUE MARGUERITE DE ROCHECHOUART,75009,PARIS,48.88226799980184,2.3467860000027057,,,1996-07-07,False,,1,1,False,,40841809300014,1,0
383613072,A.L.P.A,LS_INITIAL,A1_pure_or_probable,La création la vente l'achat et l'exploitation de laverie automatiques libre service pressing (en sous-traitance) dépôt de pressing,96.01B,Blanchisserie-teinturerie de détail,"SARL, société à responsabilité limitée",176 BOULEVARD CHARLES DE GAULLE,92700,COLOMBES,48.916316999801815,2.226977000003205,,,1991-10-31,False,,1,4,False,,38361307200016,1,0
839264587,G.F.J. CLEAN,LS_INITIAL,A1_pure_or_probable,"Blanchisserie, teinturerie, retouche, repassage",96.01B,Blanchisserie-teinturerie de détail,"SARL, société à responsabilité limitée",32 RUE FRANKLIN,92400,COURBEVOIE,48.90231299980181,2.267675000003036,,G.F.J. CLEAN,2018-04-01,False,,1,1,False,,83926458700016,1,0
509859914,SARL BLS,LS_INITIAL,A1_pure_or_probable,Laverie en libre-service,96.01B,Blanchisserie-teinturerie de détail,"SARL, société à responsabilité limitée",38 RUE DOMBASLE,75015,PARIS,48.835658999801865,2.299321000002901,,,2009-01-07,False,,4,6,False,,50985991400020,1,1
834318628,LAVERIE DU POTEAU,LS_INITIAL,A1_pure_or_probable,"La création, l'acquisition, l'exploitation de fonds de commerce de laverie automatique.",96.01B,Blanchisserie-teinturerie de détail,"SASU, société par actions simplifiée unipersonnelle",77 RUE DU POTEAU,75018,PARIS,48.89616799980182,2.33898000000274,,,2017-12-28,False,,1,1,False,,83431862800015,1,0
519414205,MULTI-SERVICE-LAVERIE,LS_INITIAL,A1_pure_or_probable,Laverie automatique,96.01B,Blanchisserie-teinturerie de détail,"SARL, société à responsabilité limitée",24 PLACE LOUIS ARAGON,92700,COLOMBES,48.91522299980181,2.228832000003198,LAVERIE LIBRE SERVICE,,2010-01-01,False,,1,2,False,,51941420500020,1,0
521841130,LAVE-NET,LS_INITIAL,A1_pure_or_probable,Laverie.,96.01B,Blanchisserie-teinturerie de détail,"SARL, société à responsabilité limitée",21 B RUE FUSTEL DE COULANGES,91300,MASSY,48.72881599980187,2.2775880000029853,,LAVE NET,2010-03-29,False,,3,8,False,,52184113000060,1,1
537811499,AJS CONCEPT,LS_INITIAL,A1_pure_or_probable,"Exploitation de laveries automatiques, vente de matériels de laverie et pressing, import export de tous biens, achat vente de véhicules, cycles, machines, mobiliers.",96.01B,Blanchisserie-teinturerie de détail,"SASU, société par actions simplifiée unipersonnelle",15 B RUE VIOLET,75015,PARIS,48.849190999801834,2.294544000002922,,LAVERIE Libre Service,2011-10-26,False,,9,9,False,,53781149900012,1,1
800088544,LAVERIE CLAVIJO LIBRE SERVICE,LS_INITIAL,A1_pure_or_probable,"La laverie, le repassage, et la retoucherie, de tous les articles d'habillement et de matières textiles,  effectués pour le compte de particuliers.",96.01B,Blanchisserie-teinturerie de détail,"SARL, société à responsabilité limitée",2 AVENUE DESFEUX,92100,BOULOGNE-BILLANCOURT,48.83202199980184,2.2419870000031383,,,2014-01-26,False,,1,1,False,,80008854400013,1,0
819827049,XU,LS_INITIAL,A1_pure_or_probable,"Lavage de vêtements et articles textiles, la retouche et le repassage.",96.01B,Blanchisserie-teinturerie de détail,"SARL, société à responsabilité limitée",17 RUE DES FETES,75019,PARIS,48.87645499980183,2.3922010000025176,,,2016-04-19,False,,1,2,False,,81982704900027,1,0
434468492,EUROSOFT,LS_INITIAL,A1_pure_or_probable,"LAVERIE AUTOMATIQUE, PRESSING, VENTE DE MATERIEL, MOBILIERS ET AGENCEMENT PERMETTANT L'INSTALLATION DE LAVERIE",96.01B,Blanchisserie-teinturerie de détail,"SARL, société à responsabilité limitée",9 B RUE LAKANAL,75015,PARIS,48.844354999801844,2.294441000002921,,,2001-01-30,False,,9,14,False,,43446849200021,1,1
542017843,LAVERIE AUTOMATIQUE DE SAINT-OUEN,LS_INITIAL,A1_pure_or_probable,"Création, acquisition, exploitation, vente, prise et mise en gérance de tout commerce de teinture automatique.",96.01B,Blanchisserie-teinturerie de détail,"SAS, société par actions simplifiée",39 RUE DES ABBESSES,75018,PARIS,48.88510999980185,2.3366660000027495,,ABBESS PRESSING,1954-01-01,False,,1,2,False,,54201784300021,1,0
440930345,LAVERIE LAUMIERE,LS_INITIAL,A1_pure_or_probable,LAVERIE AUTOMATIQUE,96.01B,Blanchisserie-teinturerie de détail,"SARL, société à responsabilité limitée",6 RUE PIERRE GIRARD,75019,PARIS,48.88580599980183,2.3798730000025694,,,2002-01-16,False,,1,1,False,,44093034500010,1,0
882417769,ENEO LAVERIE,LS_INITIAL,A1_pure_or_probable,Exploitation d'une laverie,96.01B,Blanchisserie-teinturerie de détail,"SAS, société par actions simplifiée",19 RUE EUGENIE EBOUE,92600,ASNIERES-SUR-SEINE,48.91833898132262,2.3172300604147518,,,2020-03-06,False,,1,3,False,,88241776900032,1,0
977849231,LSLA,LS_INITIAL,A1_pure_or_probable,"Les services de laverie automatiques en libre-service.  Le tout directement ou indirectement pour son compte ou pour le compte de tiers, soit seule, soit avec des tiers, par voie de création de sociétés nouvelles, d'apport, de commandite, de souscription, d'achat de titres ou de droits sociaux, de fusion, d'alliance, d'association en participation ou de prise ou de dation en location ou en gérance de tous biens, droits ou autrement.  Et plus, généralement, toutes opérations commerciales, financières, industrielles, mobilières ou immobilières, pouvant se rattacher directement ou indirectement à l'objet social ou à tout objet similaire ou connexe.",96.01B,Blanchisserie-teinturerie de détail,"SAS, société par actions simplifiée",17 RUE MICHEL CHASLES,75012,PARIS,48.84766599980183,2.3736960000025933,,,2023-07-18,False,,2,2,False,,97784923100013,1,1
539015735,SDJ,LS_INITIAL,A1_pure_or_probable,"Exploitation de laverie, pressing, teinturerie, vente, installation de tous matériels concernant le secteur du traitement des textiles mais aussi le nettoyage et autres traitements de surfaces.",96.01B,Blanchisserie-teinturerie de détail,"SARL, société à responsabilité limitée",87 RUE DE MENILMONTANT,75020,PARIS,48.868944999801826,2.3904580000025253,,,2011-07-29,False,,5,5,False,,53901573500019,1,1
752827618,TIDOU,LS_INITIAL,A1_pure_or_probable,Laverie automatique,96.01B,Blanchisserie-teinturerie de détail,"SASU, société par actions simplifiée unipersonnelle",8 RUE DU COMMANDANT SCHLOESING,75016,PARIS,48.86182699980185,2.284151000002964,,,2012-07-12,False,,14,14,False,,75282761800014,1,1
749905097,LAV'NADHIF,LS_INITIAL,A1_pure_or_probable,Laverie automatique,96.01B,Blanchisserie-teinturerie de détail,"SARL, société à responsabilité limitée",73 RUE DE LA REPUBLIQUE,92800,PUTEAUX,48.88603399980184,2.2434210000031354,,,2012-02-28,False,,1,1,False,,74990509700012,1,0
381308055,VARME,LS_INITIAL,A1_pure_or_probable,NETTOYAGE A SEC ET BLANCHISSERIE AUTOMATIQUE,96.01B,Blanchisserie-teinturerie de détail,"SARL, société à responsabilité limitée",7 RUE JEAN VARENNE,75018,PARIS,48.898665999801814,2.335933000002753,,,1991-02-21,False,,4,5,False,,38130805500023,1,1
481141711,LAMARI LAUNDROMAT,LS_INITIAL,A1_pure_or_probable,GESTION D'UNE LAVERIE LIBRE-SERVICE,96.01B,Blanchisserie-teinturerie de détail,"SARL, société à responsabilité limitée",27 RUE MONTORGUEIL,75001,PARIS,48.864247999801826,2.3465320000027057,,,2005-02-01,False,,3,3,False,,48114171100012,1,1
483512414,LAV'TOUT BLANC,LS_INITIAL,A1_pure_or_probable,Exploitation de la laverie automatique,96.01B,Blanchisserie-teinturerie de détail,"SARL, société à responsabilité limitée",110 BOULEVARD DU MARECHAL JOFFRE,92340,BOURG-LA-REINE,48.77740599980186,2.313417000002839,,,2005-08-01,False,,1,2,False,,48351241400028,1,0
911470193,2A3M LAVERIE,LS_INITIAL,A1_pure_or_probable,"Laverie automatique en self service, prestation de service blanchisserie, l'achat revente, maintenance, et mise en service de matériel neuf ou d'occasion.",96.01B,Blanchisserie-teinturerie de détail,"SASU, société par actions simplifiée unipersonnelle",18 RUE BESSIERES,75017,PARIS,48.895119999801835,2.316321000002834,,,2022-03-02,False,,2,2,False,,91147019300010,1,1
419088521,JULICE LAVERIE,LS_INITIAL,A1_pure_or_probable,L'EXPLOITATION DE LAVERIES AUTOMATIQUES,96.01B,Blanchisserie-teinturerie de détail,"SARL, société à responsabilité limitée",30 RUE RAYMOND LOSSERAND,75014,PARIS,48.83541499980184,2.320745000002812,,,1998-06-10,False,,3,5,False,,41908852100010,1,1
821614450,LAVERIE SAINT PETERSBOURG,LS_INITIAL,A1_pure_or_probable,LAVERIE AUTOMATIQUE LIBRE SERVICE PRESSING,96.01B,Blanchisserie-teinturerie de détail,"SASU, société par actions simplifiée unipersonnelle",27 RUE DE SAINT-PETERSBOURG,75008,PARIS,48.881898999801834,2.3255940000027944,,,2016-04-01,False,,1,1,False,,82161445000012,1,0
448762740,STAR NET,LS_INITIAL,A1_pure_or_probable,LAVERIE AUTOMATIQUE,96.01B,Blanchisserie-teinturerie de détail,"SARL, société à responsabilité limitée",2 RUE GEORGES MELIES,78390,BOIS-D'ARCY,48.80098404360371,2.0098060273621856,STAR,STAR,2003-05-20,False,,4,6,False,,44876274000067,1,1
491988358,LAVERIE ARDJOUNE,LS_INITIAL,A1_pure_or_probable,"Laverie automatique, installation, rénovation, achat et revente de matériel",96.01B,Blanchisserie-teinturerie de détail,"SAS, société par actions simplifiée",10 RUE PAUL BERT,75011,PARIS,48.85168299980182,2.3847200000025475,,,2006-09-01,False,,6,6,False,,49198835800017,1,1
752062711,LAVOIR MODERNE PARIS,LS_INITIAL,A1_pure_or_probable,Blanchisserie-Teinturerie.,96.01B,Blanchisserie-teinturerie de détail,"EURL, entreprise unipersonnelle à responsabilité limitée",13 RUE D'EPLUCHES,95310,SAINT-OUEN-L'AUMONE,49.05563299980183,2.120448000003656,,,2012-06-11,False,,3,4,True,Liquidation judiciaire,75206271100037,1,1
331928713,SSM SOC SERVICES DU MONT,LS_INITIAL,A1_pure_or_probable,LAVERIE AUTOMATIQUE ET TOUTE PRESTATION DE SERVICE,96.01B,Blanchisserie-teinturerie de détail,"SARL, société à responsabilité limitée",1 RUE THOUIN,75005,PARIS,48.84504899980184,2.349588000002693,,LE BATEAU LAVOIR,1985-03-01,False,,1,2,False,,33192871300022,1,0
523987410,CITE LAVERIE,LS_INITIAL,A1_pure_or_probable,Laverie libre service,96.01B,Blanchisserie-teinturerie de détail,"SARL, société à responsabilité limitée",4 RUE DES CITES,93300,AUBERVILLIERS,48.90212099980181,2.385732000002545,LAVERIE LIBRE SERVICE,CITE LAVERIE,2010-08-01,False,,2,2,False,,52398741000017,1,1
441498581,J & H SERVICES,LS_INITIAL,A1_pure_or_probable,"ACHAT, VENTE ET EXPLOITATION DE FONDS DE COMMERCE DE LAVERIE AUTOMATIQUE, OU AUTRES ACTIVITES COMMERCIALES, OPERATIONS D'ETUDE, DE CONSEIL EN GESTION, D'ENTREMISE, DE SOUS TRAITANCE, DE LOCATION GERANCE, DE PRESTATIONS DE SERVICES DIVERSES",96.01B,Blanchisserie-teinturerie de détail,"SARL, société à responsabilité limitée",19 RUE DE CONSTANTINOPLE,75008,PARIS,48.88001999980183,2.320015000002817,,,2002-04-02,False,,1,3,False,,44149858100020,1,0
849641691,A LAVE VERSAILLAISE,LS_INITIAL,A1_pure_or_probable,Laverie automatique.,96.01B,Blanchisserie-teinturerie de détail,"SAS, société par actions simplifiée",36 RUE DU VIEUX VERSAILLES,78000,VERSAILLES,48.80033399980186,2.124509000003622,,,2019-03-19,False,,2,2,False,,84964169100019,1,1
790924336,LOVE WASH,LS_INITIAL,A1_pure_or_probable,"La création et/ou l'exploitation d'une laverie automatique, pressing, teinture, la vente de produits d'entretien des textiles et toutes prestations de services liées, et notamment l'hygiène et l'entretien des textiles.",96.01B,Blanchisserie-teinturerie de détail,"EURL, entreprise unipersonnelle à responsabilité limitée",38 RUE JACQUES LOUVEL-TESSIER,75010,PARIS,48.87160899980183,2.371635000002603,,,2012-07-25,False,,3,3,False,,79092433600015,1,1
732067897,NORD DE PARIS SERVICES,LS_INITIAL,A1_pure_or_probable,Lavage et nettoyage à sec par machines automatiques en libre service,96.01B,Blanchisserie-teinturerie de détail,"SARL, société à responsabilité limitée",6 RUE LOUISE MICHEL,92300,LEVALLOIS-PERRET,48.88710499980183,2.2843450000029657,VIKING,,1973-01-01,False,,2,3,False,,73206789700023,1,1
801869488,DAMARO SELF SERVICES,LS_INITIAL,A1_pure_or_probable,Laverie automatique en libre service.,96.01B,Blanchisserie-teinturerie de détail,"SARL, société à responsabilité limitée",2 RUE GERVEX,75017,PARIS,48.888330999801845,2.298432000002907,,,2014-04-20,False,,1,3,False,,80186948800024,1,0
444147953,SELAC,LS_INITIAL,A1_pure_or_probable,exploitation de laveries automatiques distribution vente import export de produits regionnaux. Nationaux et internationaux.,96.01B,Blanchisserie-teinturerie de détail,"SAS, société par actions simplifiée",5 ALLEE DES LONGRAIES,77600,BUSSY-SAINT-GEORGES,48.844189999801834,2.7150180000011805,,,2002-12-02,False,,2,12,False,,44414795300012,1,1
827514993,PARIS LAVAGE ENTREPRISE,LS_INITIAL,A1_pure_or_probable,Laverie automatique,96.01B,Blanchisserie-teinturerie de détail,"SAS, société par actions simplifiée",35 RUE DES CAILLOUX,92110,CLICHY,48.897008999801834,2.3071670000028712,,,2017-01-21,False,,1,3,False,,82751499300035,1,0
532562717,FAST-LAV,LS_INITIAL,A1_pure_or_probable,Laverie automatique libre service,96.01B,Blanchisserie-teinturerie de détail,"SARL, société à responsabilité limitée",32 AVENUE JEAN JAURES,94250,GENTILLY,48.81275099980184,2.3515540000026838,,,2011-05-25,False,,3,3,False,,53256271700019,1,1
833739006,LAVERIE ALLES,LS_INITIAL,A1_pure_or_probable,Exploitation de fonds de commerce de laverie automatique.,96.01B,Blanchisserie-teinturerie de détail,"SASU, société par actions simplifiée unipersonnelle",20 RUE DE L'INSPECTEUR ALLES,75019,PARIS,48.87958699980182,2.3983610000024935,,,2017-11-27,False,,1,1,False,,83373900600017,1,0
415190214,SOKLEEN,LS_INITIAL,A1_pure_or_probable,"LAVERIE-LIBRE SERVICE, DEPOT PRESSING, RETOUCHE, AINSI QUE TOUTES ACTIVITES S'Y RATTACHANT",96.01B,Blanchisserie-teinturerie de détail,"SASU, société par actions simplifiée unipersonnelle",47 RUE DE TOURTILLE,75020,PARIS,48.87244299980184,2.380108000002568,,SOKLEEN,1998-02-02,False,,1,1,False,,41519021400015,1,0
845236868,LAVERIES SPEED WASH,LS_INITIAL,A1_pure_or_probable,Gestion exploitation de laveries automatiques libres service,96.01B,Blanchisserie-teinturerie de détail,"SARL, société à responsabilité limitée",60 AVENUE DE LA REPUBLIQUE,92400,COURBEVOIE,48.90145899980185,2.251284000003103,,,2018-12-05,False,,1,1,False,,84523686800012,1,0
851029066,CHELLES LAVERIE,LS_INITIAL,A1_pure_or_probable,Laverie pressing,96.01B,Blanchisserie-teinturerie de détail,"SAS, société par actions simplifiée",9 RUE AUGUSTE MEUNIER,77500,CHELLES,48.872601999801816,2.5897870000017003,,,2019-05-21,False,,1,3,False,,85102906600020,1,0
538762246,AHAVA ELLA,LS_INITIAL,A1_pure_or_probable,Laverie automatique.,96.01B,Blanchisserie-teinturerie de détail,"SAS, société par actions simplifiée",70 RUE LEON FROT,75011,PARIS,48.856988999801835,2.385347000002545,,ESPACE LAVERIE WASH'N DRY,2012-01-02,False,,2,2,False,,53876224600014,1,1
513488700,LAVERIE DU CENTRE,LS_INITIAL,A1_pure_or_probable,Laverie libre service et tout produit ou prestation non réglemente,96.01B,Blanchisserie-teinturerie de détail,"SARL, société à responsabilité limitée",225 BOULEVARD GALLIENI,92390,VILLENEUVE-LA-GARENNE,48.93502599980182,2.332642000002767,,,2009-07-15,False,,0,1,False,,51348870000016,1,0
384589628,ORGANIS,LS_INITIAL,A1_pure_or_probable,LAVERIE BLANCHISSERIE PRESSSING NETTOYAGE A SEC EN LIBRE SERVICE,96.01B,Blanchisserie-teinturerie de détail,"SAS, société par actions simplifiée",89 RUE DE TOLBIAC,75013,PARIS,48.82699299980185,2.3670370000026186,,,1992-02-19,False,,1,2,False,,38458962800013,1,0
483340212,SARL LAVNET,LS_INITIAL,A1_pure_or_probable,"EXPLOITATION, GESTION, COMMERCIALISATION ET MAINTENANCE DE LAVERIES LIBRE SERVICE ET TOUT CE QUI S'Y ATTACHE DIRECTEMENT OU INDIRECTEMENT",96.01B,Blanchisserie-teinturerie de détail,"SARL, société à responsabilité limitée",21 RUE DU MAROC,75019,PARIS,48.886693999801835,2.3686430000026166,,LAVERIE CONTINENTALE,2005-07-15,False,,6,7,False,,48334021200016,1,1
524200425,LM LAVAGE,LS_INITIAL,A1_pure_or_probable,Laverie automatique.,96.01B,Blanchisserie-teinturerie de détail,"SARL, société à responsabilité limitée",6 RUE CHAUDRON,75010,PARIS,48.88283599980182,2.3664930000026256,,,2010-08-01,False,,1,2,False,,52420042500022,1,0
329402390,LAVERIE DE LA BASTILLE,LS_INITIAL,A1_pure_or_probable,EXPLOITATION DE TOUTES LAVERIES LIBRE-SERVICE ET LA VENTE DE TOUS PRODUITS ACCESSOIRES.,96.01B,Blanchisserie-teinturerie de détail,"SASU, société par actions simplifiée unipersonnelle",4 RUE DE LAPPE,75011,PARIS,48.85420499980184,2.3715840000026023,,,1984-01-01,False,,2,2,False,,32940239000010,1,1
478663180,AU FIL DE L'EAU,MIXTE,A4_reclass,PRESSING LAVERIE,96.01B,Blanchisserie-teinturerie de détail,"SARL, société à responsabilité limitée",75 RUE DE BELLEVUE,92100,BOULOGNE-BILLANCOURT,48.83520199980187,2.2308660000031835,,,2004-08-24,False,,0,2,False,Liquidation judiciaire,47866318000014,0,0
510257207,OUSMER SARL,LS_PURE_NEW,A4_reclass,Laverie libre service automatique.,96.01B,Blanchisserie-teinturerie de détail,"SARL, société à responsabilité limitée",19 RUE CLAVEL,75019,PARIS,48.87523499980184,2.3840590000025523,SARL OUSMER,OUSMER SARL,2009-02-01,False,,1,1,False,,51025720700017,0,0
752899385,LE MAROIS PEPINIERE,MIXTE,A4_reclass,"Pressing automatique, laverie.",96.01B,Blanchisserie-teinturerie de détail,"SARL, société à responsabilité limitée",26 RUE DE LA PEPINIERE,75008,PARIS,48.87508899980182,2.3210030000028126,LE MAROIS PEPINIERE,,2012-07-12,False,,1,1,False,,75289938500013,0,0
421348426,NINIVE,MIXTE,A4_reclass,PRESSING BLANCHISSERIE LAVERIE REPASSERIE,96.01B,Blanchisserie-teinturerie de détail,"SARL, société à responsabilité limitée",153 RUE RAYMOND LOSSERAND,75014,PARIS,48.830947999801836,2.312549000002846,HARMONY PRESSING DISCOUNT,NINIVE,1999-02-01,False,,1,1,True,Liquidation judiciaire,42134842600014,0,0
404574048,NEW'CLEAN,MIXTE,A4_reclass,Pressing nettoyage à sec blanchisserie laverie auto - couture,96.01B,Blanchisserie-teinturerie de détail,"SARL, société à responsabilité limitée",29 BOULEVARD DE STALINGRAD,92240,MALAKOFF,48.814038999801845,2.2865170000029513,,NEW'CLEAN,1995-09-21,False,,1,1,False,,40457404800017,0,0
952194058,RD5 SASU R.D.5,MIXTE,A4_reclass,PRESSING - BLANCHISSERIE - TEINTURERIE - LAVERIE,96.01B,Blanchisserie-teinturerie de détail,"SASU, société par actions simplifiée unipersonnelle",92 T AVENUE DE VERDUN,94200,IVRY-SUR-SEINE,48.80703799980185,2.3747800000025867,PRESSING R.D.5,,2023-05-04,False,,2,3,False,,95219405800014,0,1
492523659,LA MARGUERITE D'ALFORTVILLE,LS_PURE_NEW,A4_reclass,"Laverie libre service, repassage, retouche.",96.01B,Blanchisserie-teinturerie de détail,"SARL, société à responsabilité limitée",16 RUE CHARLES DE GAULLE,94140,ALFORTVILLE,48.81445299980185,2.413664000002426,,,2006-10-21,False,,2,2,False,,49252365900018,0,1
853652535,ZBH EURL,MIXTE,A4_reclass,Pressing- laverie- Multiservices- vente- retouches,96.01B,Blanchisserie-teinturerie de détail,"SARL, société à responsabilité limitée",111 BOULEVARD SERURIER,75019,PARIS,48.880624999801825,2.3975160000024967,ZBH,SAB'S WASH & LAUNDRY,2019-09-01,False,,1,1,False,,85365253500016,0,0
752490458,TIMILT,MIXTE,A4_reclass,"Laverie,  blanchisserie,  pressing , nettoyage de vêtement , retouche , vente de Boutonnerie, Et accessoire de vêtements , confection.",96.01B,Blanchisserie-teinturerie de détail,"SARL, société à responsabilité limitée",8 AVENUE CHANDON,92230,GENNEVILLIERS,48.92408799980183,2.295274000002923,,,2012-06-15,False,,1,1,False,,75249045800011,0,0
828374280,SPRING XIA,LS_PURE_NEW,A4_reclass,"Laverie libre-service, retouches, repassage, service à la personne",96.01B,Blanchisserie-teinturerie de détail,"SARL, société à responsabilité limitée",2 RUE GEORGE EASTMAN,75013,PARIS,48.82937099980183,2.3597850000026495,LAVERIE LIBRE SERVICE,,2017-03-14,False,,1,1,False,,82837428000018,0,0
790247365,CENNET,MIXTE,A4_reclass,"Pressing, nettoyage à sec, laverie, blanchisserie, teinturerie, routche, achats, ventes, import export de produits non réglementés.",96.01B,Blanchisserie-teinturerie de détail,"EURL, entreprise unipersonnelle à responsabilité limitée",7 PROMENADE SAINT-LEUFROY,92150,SURESNES,48.86860399980185,2.225381000003208,,,2013-01-02,False,,1,1,False,,79024736500014,0,0
901718148,LAVOMATTIC,LS_PURE_NEW,A4_reclass,laverie automatique,96.01B,Blanchisserie-teinturerie de détail,"SASU, société par actions simplifiée unipersonnelle",12 RUE DE LA STATION,92360,MEUDON,48.78654399980186,2.227082000003197,,,2021-06-11,False,,1,1,False,,90171814800017,0,0
881351779,AC AQUA CLEAN,MIXTE,A4_reclass,"Teinturerie, pressing, blanchisserie, laverie, retouche, ventes savons écologiques et matériels de pressing, reprographie.",96.01B,Blanchisserie-teinturerie de détail,"EURL, entreprise unipersonnelle à responsabilité limitée",72 RUE CLAUDE BERNARD,75005,PARIS,48.84046599980184,2.3458670000027086,WET CLEAN,EURL AQUA CLEAN,2020-02-01,False,,0,3,False,,88135177900015,0,0
809129620,W&P,MIXTE,A4_reclass,Teinturerie nettoyage et apprêts de tous vêtements stoppage remaillage repassage pressing et faux-cols laverie (y compris Lavomatique en libre service) retouche,96.01B,Blanchisserie-teinturerie de détail,"SARL, société à responsabilité limitée",8 RUE MAUBLANC,75015,PARIS,48.840030999801854,2.2997230000028996,LA TEINTURERIE MAUBLANC,LA TEINTURERIE MAUBLANC,2015-01-07,False,,1,1,False,,80912962000013,0,0
532222262,DDH,MIXTE,A4_reclass,"Pressing, laverie, import-export de tous produits non règlementés, vente à distance tous produits non règlementés par internet.",96.01B,Blanchisserie-teinturerie de détail,"SARL, société à responsabilité limitée",31 RUE GUERSANT,75017,PARIS,48.881571999801835,2.289034000002946,TIP PRESSING,DDH,2011-05-10,False,,1,2,False,,53222226200026,0,0
824268841,THOLEA,MIXTE,A4_reclass,"Laverie, dépôt de blanchisserie et de pressing.",96.01B,Blanchisserie-teinturerie de détail,"SAS, société par actions simplifiée",36 RUE ERNEST RENAN,92130,ISSY-LES-MOULINEAUX,48.82811399980186,2.281078000002976,ISSY PRESSING,ISYY PRESSING,2016-12-12,False,,1,1,False,,82426884100015,0,0
404167439,MONISOK,LS_PURE_NEW,A4_reclass,"LAVERIE AUTOMATIQUE, LIBRE SERVICE",96.01B,Blanchisserie-teinturerie de détail,"SASU, société par actions simplifiée unipersonnelle",2 RUE DU SOLEIL,75020,PARIS,48.875139999801824,2.39401000000251,,,1996-01-02,False,,1,2,False,,40416743900029,0,0
539575258,BLANCHINET,LS_PURE_NEW,A4_reclass,Laverie automatique repassage et dépot de teinturerie.,96.01B,Blanchisserie-teinturerie de détail,"SARL, société à responsabilité limitée",16 RUE JEAN NICOT,93500,PANTIN,48.891465999801845,2.416151000002419,,,2012-01-01,False,,1,2,False,,53957525800014,0,0
751154196,N.V.P,MIXTE,A4_reclass,"Pressing, nettoyage de vêtements, laverie, retoucherie.",96.01B,Blanchisserie-teinturerie de détail,"SARL, société à responsabilité limitée",13 RUE DE PICPUS,75012,PARIS,48.846854999801835,2.394055000002508,,,2012-04-03,False,,1,1,False,,75115419600016,0,0
450222450,AJBM ALAZARD,MIXTE,A4_reclass,"Laverie, pressing automatique",96.01B,Blanchisserie-teinturerie de détail,"SAS, société par actions simplifiée",40 RUE NOTRE-DAME DE LORETTE,75009,PARIS,48.87922999980184,2.3366830000027474,PRESSING NETOMATIQUE,,2003-09-01,False,,1,4,False,,45022245000048,0,0
403674666,K 2 M,LS_PURE_NEW,A4_reclass,LAVERIE,96.01B,Blanchisserie-teinturerie de détail,"SARL, société à responsabilité limitée",116 RUE ORFILA,75020,PARIS,48.86814499980182,2.4007210000024832,,,1996-02-01,False,,1,1,False,,40367466600017,0,0
793855388,BLACK WHITE,MIXTE,A4_reclass,"Teinturerie, pressing, laverie.",96.01B,Blanchisserie-teinturerie de détail,"SARL, société à responsabilité limitée",72 RUE DE DUNKERQUE,75009,PARIS,48.88227199980183,2.346088000002709,BLACK WHITE,BLACK WHITE,2013-06-17,False,,1,1,False,,79385538800013,0,0
329416234,MULTISER LAFENESTRE,MIXTE,A4_reclass,"LAVERIE, LIBRE SERVICE, PRESSING",96.01B,Blanchisserie-teinturerie de détail,"SAS, société par actions simplifiée",3 RUE DU DOCTEUR GOUJON,75012,PARIS,48.83989199980183,2.397709000002494,LAV' CLUB,,1984-03-19,False,,1,2,False,,32941623400022,0,0
819289539,AC CLEAN,MIXTE,A4_reclass,"Pressing, nettoyage de tous textiles et sous toutes ses formes, laverie rapide, repassage, retouches des vêtements.",96.01B,Blanchisserie-teinturerie de détail,"SAS, société par actions simplifiée",90 B RUE DE MONTREUIL,75011,PARIS,48.85066399980184,2.394978000002506,O'PRESSING,,2016-03-15,False,,1,1,False,,81928953900010,0,0
439946039,SARL AVYAS,LS_PURE_NEW,A4_reclass,"Dépôt de laverie, teinturerie, achat-vente de lingerie drap rideau chaussures et bazar en ambulant",96.01B,Blanchisserie-teinturerie de détail,"SARL, société à responsabilité limitée",69 RUE JEAN LONGUET,92290,CHATENAY-MALABRY,48.76712999980186,2.280168000002976,LAV'PRESS,LAV'PRESS,2001-11-15,False,,2,2,False,,43994603900013,0,1
830797189,CLEAN CORNER,MIXTE,A4_reclass,"Teinturerie, blanchisserie, laverie, retoucherie, vente.",96.01B,Blanchisserie-teinturerie de détail,"SAS, société par actions simplifiée",16 RUE MANDAR,75002,PARIS,48.86580499980185,2.3450580000027124,,,2017-07-05,False,,1,1,False,,83079718900016,0,0
321776585,DICKY,LS_PURE_NEW,A4_reclass,"Laverie libre service, commissionnaire de prêt à porter, achat, vente de prêt à porter. La réalisation de toutes opérations industrielles, commerciales et financières mobilières ou immobilières pouvant se rattacher directement ou indirectement à l'objet social.",96.01B,Blanchisserie-teinturerie de détail,"SARL, société à responsabilité limitée",12 RUE POISSONNIERE,75002,PARIS,48.86900899980183,2.3478320000027004,PARADISE,,1981-05-12,False,,1,2,False,,32177658500051,0,0
887716553,ABDEYOU,LS_PURE_NEW,A4_reclass,Laverie automatique,96.01B,Blanchisserie-teinturerie de détail,"SARL, société à responsabilité limitée",5 RUE FREDERIC LOLIEE,75020,PARIS,48.849544999801836,2.406090000002459,,,2020-06-04,False,,1,1,False,,88771655300011,0,0
438659070,CHRONO CLEAN,MIXTE,A4_reclass,LAVERIE BLANCHISSERIE PRESSING,96.01B,Blanchisserie-teinturerie de détail,"SARL, société à responsabilité limitée",11 RUE DU BOUQUET DE LONGCHAMP,75016,PARIS,48.86568599980185,2.290541000002939,,,2001-07-24,False,,2,10,False,,43865907000017,0,1
495381550,BARBES-SEC,MIXTE,A4_reclass,"Blanchisserie, laverie, pressing en libre service.",96.01B,Blanchisserie-teinturerie de détail,"SARL, société à responsabilité limitée",53 RUE DE LA GOUTTE D'OR,75018,PARIS,48.88500499980182,2.3513200000026875,,,2007-05-05,False,,1,1,False,,49538155000013,0,0
300985397,SOLAPRES,MIXTE,A4_reclass,"TOUTE ACTIVITE DE LAVERIE, PRESSING, NETTOYAGE, TEINTURIE",96.01B,Blanchisserie-teinturerie de détail,"SARL, société à responsabilité limitée",2 RUE GIRODET,75016,PARIS,48.84831999980183,2.264112000003046,,,1964-01-01,False,,1,2,False,,30098539700011,0,0
513270108,HARMONY,MIXTE,A4_reclass,"Teinturerie, pressing, blanchisserie, laverie",96.01B,Blanchisserie-teinturerie de détail,"SARL, société à responsabilité limitée",47 RUE DE VOUILLE,75015,PARIS,48.83395399980184,2.308464000002863,HARMONY,HARMONY,2009-05-15,False,,1,1,False,,51327010800014,0,0
483659298,SARL MAYA,MIXTE,A4_reclass,"PRESSING, TEINTURERIE, LAVERIE AUTOMATIQUE ET RETOUCHERIE",96.01B,Blanchisserie-teinturerie de détail,"SARL, société à responsabilité limitée",113 RUE DU CHEMIN VERT,75011,PARIS,48.861498999801825,2.382140000002558,,,2005-09-01,False,,0,1,False,,48365929800010,0,0
794718569,EPICES ET A,LS_PURE_NEW,A4_reclass,Laverie automatique et location de casiers à ski.,96.01B,Blanchisserie-teinturerie de détail,"SAS, société par actions simplifiée",RES LES ARANDELIERES,73700,BOURG-SAINT-MAURICE,0,0,,,2013-09-08,False,,3,4,False,,79471856900021,0,1
397786047,LAGOA,MIXTE,A4_reclass,LAVERIE PRESSING TEINTURERIE LIBRE SERVICE,96.01B,Blanchisserie-teinturerie de détail,"SARL, société à responsabilité limitée",25 RUE GRAMME,75015,PARIS,48.84475899980184,2.2967980000029113,,LAGOA,1994-06-27,False,,2,2,False,,39778604700019,0,1
389219916,LA PAIX DISTRIBUTION,MIXTE,A4_reclass,"EXPLOITATION, VENTE, ACHAT, LOCATION-GERANCE DE TOUTES ACTIVITESLIEES A LA DISTRIBUTION DE TOUS PRODUITS ALIMENTAIRES OU NON, ACTIVITE DE LAVERIE-PRESSING",96.01B,Blanchisserie-teinturerie de détail,"SARL, société à responsabilité limitée",261 RUE DES PYRENEES,75020,PARIS,48.86693499980184,2.396721000002498,,,1992-10-26,False,,1,3,False,,38921991600035,0,0
444227771,SARL SARAY,MIXTE,A4_reclass,"Blanchisserie, laverie, nettoyage a sec, pressing teinturerie, retouche de tous vêtements et textiles tissus",96.01B,Blanchisserie-teinturerie de détail,"SARL, société à responsabilité limitée",51 RUE OBERKAMPF,75011,PARIS,48.864640999801836,2.372135000002601,WECLEAN,CLEAN CITY,2002-12-02,False,,0,1,False,,44422777100011,0,0
444699284,S.A.R.L. AURELIE,LS_PURE_NEW,A4_reclass,Laverie automatique dépot de linges.,96.01B,Blanchisserie-teinturerie de détail,"SARL, société à responsabilité limitée",1 AVENUE DU GENERAL GALLIENI,92000,NANTERRE,48.89621499980182,2.1968740000033296,,S.A.R.L. AURELIE,2003-01-31,False,,0,1,False,,44469928400014,0,0
309446904,PIBERGIL,MIXTE,A4_reclass,"TEINTURERIE, PRESSING, LAVERIE, BLANCHISSERIE EN LIBRE SERVICE DEPOT OU TRADITIONNEL AINSI QUE TOUS OBJETS CONNEXES",96.01B,Blanchisserie-teinturerie de détail,"SARL, société à responsabilité limitée",70 BOULEVARD AUGUSTE BLANQUI,75013,PARIS,48.83031799980184,2.347746000002699,,,1977-01-01,False,,1,1,False,,30944690400018,0,0
834160269,MA,LS_PURE_NEW,A4_reclass,Laverie automatique,96.01B,Blanchisserie-teinturerie de détail,"SASU, société par actions simplifiée unipersonnelle",37 BOULEVARD DE BRANDEBOURG,94200,IVRY-SUR-SEINE,48.814470999801856,2.396657000002496,,,2017-12-15,False,,3,4,False,,83416026900017,0,1
503135527,FEI DA,MIXTE,A4_reclass,"Laverie, pressing, teinturerie, blancherie, location de matériel de nettoyage, retouche.",96.01B,Blanchisserie-teinturerie de détail,"EURL, entreprise unipersonnelle à responsabilité limitée",64 RUE GUY MOQUET,75017,PARIS,48.89263199980182,2.3261540000027927,,,2008-03-01,False,,1,1,False,,50313552700011,0,0
753023829,SOFIA,MIXTE,A4_reclass,"Pressing, commerce de laverie,  nettoyage à sec de textiles, teinturerie de détail, blanchisserie, retoucherie .",96.01B,Blanchisserie-teinturerie de détail,"SARL, société à responsabilité limitée",10 GRANDE PLACE,92350,LE PLESSIS-ROBINSON,0,0,SOFIA,Sofia,2012-07-25,False,,1,1,False,,75302382900017,0,0
530682574,LAVERIK 2,LS_PURE_NEW,A4_reclass,Laverie libre service,96.01B,Blanchisserie-teinturerie de détail,"SARL, société à responsabilité limitée",13 AVENUE SAINT-EXUPERY,92320,CHATILLON,48.80829699980186,2.2981910000029036,,,2011-02-15,False,,1,1,False,,53068257400013,0,0
437625924,EURL SOK,LS_PURE_NEW,A4_reclass,Activité de laverie libre service tant en france qu'a l'etranger et généralement toutes opérations s'y rattachant directement ou indirectement,96.01B,Blanchisserie-teinturerie de détail,"SARL, société à responsabilité limitée",8 RUE MATHIS,75019,PARIS,48.890768999801814,2.3760360000025855,,,2001-01-10,False,,1,1,False,,43762592400018,0,0
437879893,NASSAR SARL,MIXTE,A4_reclass,"LA CREATION, L'ACQUISITION, LA PROPRIETE, L'EXPLOITATION SOUS TOUTES SES FORMES, LA VENTE, LA PRISE ET MISE EN GERANCE, LA PRISEA BAIL DE TOUS COMMERCES DE LAVERIE, NETTOYAGE A SEC EN LIBRE SERVICE OU NON, AINSI QUE TOUS COMMERCES Y AFFERENTS",96.01B,Blanchisserie-teinturerie de détail,"SARL, société à responsabilité limitée",70 RUE RODIER,75009,PARIS,48.881144999801826,2.3443540000027174,PRESSING RODIER,,2001-04-01,False,,1,1,False,,43787989300018,0,0
390979326,SOAPOPERA,LS_PURE_NEW,A4_reclass,Laverie automatiques avec télévision toutes opérations de toute nature s'y rattachant directement ou indirectement,96.01B,Blanchisserie-teinturerie de détail,"SARL, société à responsabilité limitée",18 RUE DU CHATEAU,92250,LA GARENNE-COLOMBES,48.905864999801835,2.253385000003095,,SOAPOPERA,1993-03-23,False,,3,6,False,,39097932600043,0,1
490269305,LAVECO,LS_PURE_NEW,A4_reclass,Laverie automatique,96.01B,Blanchisserie-teinturerie de détail,"SARL, société à responsabilité limitée",119 AVENUE DE CHOISY,75013,PARIS,48.825748999801846,2.360070000002649,,,2006-05-11,False,,1,2,False,,49026930500028,0,0
819812850,RIO,LS_PURE_NEW,A4_reclass,Laverie automatique en libre servce,96.01B,Blanchisserie-teinturerie de détail,"SAS, société par actions simplifiée",32 RUE ALBERT 1ER,92600,ASNIERES-SUR-SEINE,48.91393599980184,2.281990000002977,,,2016-04-08,False,,2,2,False,,81981285000017,0,1
879093797,LES MAISONS BLANCHES,LS_PURE_NEW,A4_reclass,"Service de laverie, organisation de mariage",96.01B,Blanchisserie-teinturerie de détail,"SASU, société par actions simplifiée unipersonnelle",49 RUE DE PRONY,75017,PARIS,48.881986999801846,2.3047100000028804,,LES MAISONS BLANCHES,2019-10-21,False,,2,3,False,,87909379700030,0,1
509110599,DELTA CLEAN,MIXTE,A4_reclass,Pressing teinturerie blanchisserie laverie,96.01B,Blanchisserie-teinturerie de détail,"SARL, société à responsabilité limitée",139 RUE DE CHARONNE,75011,PARIS,48.855253999801846,2.3875930000025356,,LA TEINTURERIE,2008-11-17,False,,1,1,False,,50911059900016,0,0
839812302,I AM WINNER,LS_PURE_NEW,A4_reclass,"Laverie assistée, relais colis.",96.01B,Blanchisserie-teinturerie de détail,"SARL, société à responsabilité limitée",3 LES BAS LONGCHAMPS,92220,BAGNEUX,0,0,,I AM WINNER,2018-03-21,False,,1,1,False,,83981230200017,0,0
383923679,SARL EQUATEUR,LS_PURE_NEW,A4_reclass,LAVERIE AUTOMATIQUE,96.01B,Blanchisserie-teinturerie de détail,"SARL, société à responsabilité limitée",16 RUE DE LA FOLIE-MERICOURT,75011,PARIS,48.86221099980184,2.374012000002592,,,1991-12-20,False,,2,2,False,,38392367900013,0,1
542110069,LAVRILUX,MIXTE,A4_reclass,TEINTURERIE BLANCHISSERIE LAVERIE AUTOMATIQUE,96.01B,Blanchisserie-teinturerie de détail,"SARL, société à responsabilité limitée",82 AVENUE GAMBETTA,75020,PARIS,48.86937899980181,2.402532000002475,,,1954-01-01,False,,1,1,False,,54211006900011,0,0
801277252,2S ARH,MIXTE,A4_reclass,"Laverie automatique libre service, activité de conseil et de prestation de services sous-traitance installation se rapportant à la mise en place de laverie automatique et approvisionnement de marchandises s'y rapportant, franchisage nettoyage de tout type de surface.",96.01B,Blanchisserie-teinturerie de détail,"SARL, société à responsabilité limitée",8 PLACE RHIN ET DANUBE,75019,PARIS,48.881830999801835,2.393167000002514,RS LAVERIE,I-WASH,2014-03-17,False,,1,2,False,,80127725200020,0,0
812961282,G.N LAVCLAIRE,MIXTE,A4_reclass,"Laverie, pressing, nettoyage à sec, blanchisserie automatique",96.01B,Blanchisserie-teinturerie de détail,"SARL, société à responsabilité limitée",21 RUE DE CONSTANTINOPLE,75008,PARIS,48.88006599980186,2.319873000002818,,,2015-08-07,False,,1,2,False,,81296128200025,0,0
834393837,ZEK LAV,LS_PURE_NEW,A4_reclass,Laverie automatique,96.01B,Blanchisserie-teinturerie de détail,"SASU, société par actions simplifiée unipersonnelle",5 AVENUE HENRI JEANNE,92700,COLOMBES,48.91800695864668,2.239599951148642,LE ZEPHIR,,2018-01-05,False,,2,4,False,,83439383700036,0,1
442857546,KMW INVESTISSEMENT,MIXTE,A4_reclass,"La création, l'acquisition et l'exploitation de pressings, blanchisseries, laveries et repasseries",96.01B,Blanchisserie-teinturerie de détail,"SARL, société à responsabilité limitée",19 AVENUE LONGUEIL,78600,MAISONS-LAFFITTE,48.94574402547713,2.145037973923334,,,2002-07-22,False,,1,4,False,,44285754600059,0,0
